{"table":[{"source":"yellow page","service_name":"Adidas Canada Ltd","category":"basketball training","phone":"5148074614","address":"3545 boul Thimens, Saint-Laurent, QC H4R 1V5","postalcode":"H4R 1V5","website":"http://www.shopadidas.ca","working_hour":"","latitude":"45.4971042","longitude":"-73.7130749"},{"source":"yellow page","service_name":"Adidas","category":"basketball training","phone":"450-645-9997","address":"583-1203, ch de Touraine, Boucherville, QC J4B 5E4","postalcode":"J4B 5E4","website":"http://www.shopadidas.ca","working_hour":"Monday 10:00 am - 6:00 pm   Tuesday 10:00 am - 6:00 pm   Wednesday 10:00 am - 6:00 pm   Thursday 10:00 am - 9:00 pm   Friday 10:00 am - 9:00 pm   Saturday 9:00 am - 5:00 pm   Sunday 10:00 am - 5:00 pm","latitude":"45.5967076","longitude":"-73.3840824"},{"source":"yellow page","service_name":"Adidas Entrepôt","category":"basketball training","phone":"450-420-3434","address":"3414 Av des Grandes Tourelles, Boisbriand, QC J7H 1A2","postalcode":"J7H 1A2","website":"http://www.shopadidas.ca","working_hour":"","latitude":"45.621998","longitude":"-73.854486"},{"source":"yellow page","service_name":"Foot Locker","category":"basketball training","phone":"4506514769","address":"112-825 rue Saint-Laurent, Longueuil, QC J4K 2V1","postalcode":"J4K 2V1","website":"http://www.footlocker.ca","working_hour":"Monday 10:00 am - 6:00 pm   Tuesday 10:00 am - 6:00 pm   Wednesday 10:00 am - 6:00 pm   Thursday 10:00 am - 9:00 pm   Friday 10:00 am - 9:00 pm   Saturday 9:00 am - 5:00 pm   Sunday 10:00 am - 5:00 pm","latitude":"45.528646","longitude":"-73.513207"},{"source":"yellow page","service_name":"Nike Factory Store","category":"basketball training","phone":"7054582513","address":"3311 County Rd 89, Cookstown, ON L0L 1L0","postalcode":"L0L 1L0","website":" ","working_hour":"","latitude":"44.201999","longitude":"-79.647518"},{"source":"yellow page","service_name":"Super Camps - Basketball Camps","category":"basketball training","phone":"4162030442","address":"41 Lesmill Rd, Toronto, ON M3B 2T3","postalcode":"M3B 2T3","website":" ","working_hour":"Monday 9:00 am - 5:00 pm   Tuesday 9:00 am - 5:00 pm   Wednesday 9:00 am - 5:00 pm   Thursday 9:00 am - 5:00 pm   Friday 9:00 am - 5:00 pm","latitude":"43.757705","longitude":"-79.353566"},{"source":"yellow page","service_name":"Adidas","category":"basketball training","phone":"9054829008","address":"431-1 Bass Pro Mills Dr, Vaughan, ON L4K 5W4","postalcode":"L4K 5W4","website":" ","working_hour":"","latitude":"43.8210388","longitude":"-79.5437151"},{"source":"yellow page","service_name":"Guada Basketball Development","category":"basketball training","phone":"416-731-7686","address":"75 Carl Hall Rd, North York, ON M3K 2B9","postalcode":"M3K 2B9","website":"http://guadabasketballdevelopment.com/","working_hour":"Monday 4:00 pm - 10:00 pm   Tuesday 4:00 pm - 10:00 pm   Wednesday 4:00 pm - 10:00 pm   Thursday 4:00 pm - 10:00 pm   Friday 4:00 pm - 10:00 pm   Weekend Times Vary","latitude":"43.747904","longitude":"-79.475223"},{"source":"yellow page","service_name":"Nike Factory Outlet","category":"basketball training","phone":"905-738-1054","address":"1 Bass Pro Mills Dr, Vaughan, ON L4K 5W4","postalcode":"L4K 5W4","website":"http://www.nike.ca","working_hour":"","latitude":"43.8210388","longitude":"-79.5437151"},{"source":"yellow page","service_name":"Adidas","category":"basketball training","phone":"705-458-2728","address":"89-3311 County Road, Cookstown, ON L0L 1L0","postalcode":"L0L 1L0","website":"http://www.shopadidas.ca","working_hour":"","latitude":"44.2016715","longitude":"-79.6487656"},{"source":"yellow page","service_name":"IMPACT 'n Communities","category":"basketball training","phone":"416-560-5857","address":"4301 Kingston Rd, Scarborough, ON M1E 2N1","postalcode":"M1E 2N1","website":" ","working_hour":"","latitude":"43.763195","longitude":"-79.192869"},{"source":"yellow page","service_name":"Nike Canada Corp","category":"basketball training","phone":"905-764-0400","address":"175 Commerce Valley Dr W, Thornhill, ON L3T 7P6","postalcode":"L3T 7P6","website":"http://www.nike.ca","working_hour":"Monday 9:00 am - 5:00 pm   Tuesday 9:00 am - 5:00 pm   Wednesday 9:00 am - 5:00 pm   Thursday 9:00 am - 5:00 pm   Friday 9:00 am - 5:00 pm","latitude":"43.842038","longitude":"-79.384866"},{"source":"yellow page","service_name":"Adidas Canada Ltd","category":"basketball training","phone":"9057619900","address":"3210 Langstaff Rd, Vaughan, ON L4K 4N3","postalcode":"L4K 4N3","website":"http://www.adidas.com","working_hour":"","latitude":"43.811361","longitude":"-79.533428"},{"source":"yellow page","service_name":"Bphyt","category":"basketball training","phone":"416-701-9090","address":"100 Sunrise Ave, North York, ON M4A 1B3","postalcode":"M4A 1B3","website":" ","working_hour":"","latitude":"43.717999","longitude":"-79.308737"},{"source":"yellow page","service_name":"Ahmed Sheeno Insurance Broker","category":"basketball training","phone":"9059731157","address":"ON","postalcode":"","website":" ","working_hour":"","latitude":"43.651893","longitude":"-79.381713"},{"source":"yellow page","service_name":"Adidas","category":"basketball training","phone":"416-915-8133","address":"10 Dundas E, Toronto, ON M5B 2G9","postalcode":"M5B 2G9","website":"http://www.shopadidas.ca","working_hour":"","latitude":"43.656457","longitude":"-79.380747"},{"source":"yellow page","service_name":"Adidas Performance Store - Toronto Life Square","category":"basketball training","phone":"416-915-8140","address":"331 Yonge St, Toronto, ON M5B 1R7","postalcode":"M5B 1R7","website":"http://www.shopadidas.ca","working_hour":"","latitude":"43.657075","longitude":"-79.381236"},{"source":"yellow page","service_name":"Adidas","category":"basketball training","phone":"9052646516","address":"8100 27 Hwy, Woodbridge, ON L4H 3M1","postalcode":"L4H 3M1","website":"http://www.shopadidas.ca","working_hour":"","latitude":"43.7842136","longitude":"-79.62443"},{"source":"yellow page","service_name":"Adidas","category":"basketball training","phone":"905-641-9820","address":"300 Taylor Rd SS 4, Niagara On The Lake, ON L0S 1J0","postalcode":"L0S 1J0","website":" ","working_hour":"","latitude":"43.1584349","longitude":"-79.1696056"},{"source":"yellow page","service_name":"B2","category":"basketball training","phone":"4169793544","address":"B21-220 Yonge St, Toronto, ON M5B 2H1","postalcode":"M5B 2H1","website":" ","working_hour":"","latitude":"43.653743","longitude":"-79.379827"},{"source":"yellow page","service_name":"Adidas","category":"basketball training","phone":"4169155536","address":"389 Queen St W, Toronto, ON M5V 2A5","postalcode":"M5V 2A5","website":"http://www.shopadidas.ca","working_hour":"","latitude":"43.649198","longitude":"-79.394288"},{"source":"yellow page","service_name":"One On One Pro Sports and Conditioning","category":"basketball training","phone":"6479264628","address":"21-370 Rathburn Rd E, Mississauga, ON L4Z 1H7","postalcode":"L4Z 1H7","website":"http://www.oneononepro.com/","working_hour":"Monday 10:00 am - 10:00 pm   Tuesday 10:00 am - 10:00 pm   Wednesday 10:00 am - 10:00 pm   Thursday 10:00 am - 10:00 pm   Friday 10:00 am - 10:00 pm   Saturday 10:00 am - 6:00 pm   Sunday 10:00 am - 3:00 pm","latitude":"43.606937","longitude":"-79.633228"},{"source":"yellow page","service_name":"Results System Basketball Inc","category":"basketball training","phone":"647-621-8112","address":"4 Knightsbridge Rd, Brampton, ON L6T 5L5","postalcode":"L6T 5L5","website":"http://www.rsbasketball.ca/","working_hour":"24 hours a day - 7 days a week","latitude":"43.718793","longitude":"-79.716429"},{"source":"yellow page","service_name":"Adidas","category":"basketball training","phone":"9052670121","address":"D6-5935 Mavis Rd, Mississauga, ON L5R 3T7","postalcode":"L5R 3T7","website":" ","working_hour":"","latitude":"43.610582","longitude":"-79.693578"},{"source":"yellow page","service_name":"Adidas Canada Heartland","category":"basketball training","phone":"905-267-0120","address":"5935 Mavis Rd, Mississauga, ON L5R 3T7","postalcode":"L5R 3T7","website":"http://www.shopadidas.ca","working_hour":"","latitude":"43.610582","longitude":"-79.693578"},{"source":"yellow page","service_name":"Nike Factory Outlet","category":"basketball training","phone":"5196536453","address":"4326 King St E, Kitchener, ON N2P 2G5","postalcode":"N2P 2G5","website":"http://nikefactoryoutlet.com","working_hour":"Monday 10:00 pm - 9:00 pm   Tuesday 10:00 pm - 9:00 pm   Wednesday 10:00 pm - 9:00 pm   Thursday 10:00 pm - 9:00 pm   Friday 10:00 pm - 9:00 pm   Saturday 10:00 am - 6:00 pm   Sunday 11:00 am - 5:00 pm","latitude":"43.408294","longitude":"-80.397267"},{"source":"yellow page","service_name":"FirePower Kids","category":"basketball training","phone":"905-878-8887","address":"705 Nipissing Rd, Milton, ON L9T 4Z5","postalcode":"L9T 4Z5","website":" ","working_hour":"","latitude":"43.520888","longitude":"-79.866579"},{"source":"yellow page","service_name":"LACED","category":"basketball training","phone":"905-525-7463","address":"77 James St N, Hamilton, ON L8R 2K3","postalcode":"L8R 2K3","website":" ","working_hour":"","latitude":"43.258323","longitude":"-79.868351"},{"source":"yellow page","service_name":"BEAST Performance Basketball","category":"basketball training","phone":"","address":"non, ON L0R 2H2","postalcode":"L0R 2H2","website":"http://www.beastperformancebasketball.com","working_hour":"Monday 9:00 am - 5:00 pm   Tuesday 9:00 am - 5:00 pm   Wednesday 9:00 am - 5:00 pm   Thursday 9:00 am - 5:00 pm   Friday 9:00 am - 5:00 pm","latitude":"43.310117","longitude":"-80.076875"},{"source":"yellow page","service_name":"No Limit Performance & Brave Heart Basketball Training","category":"basketball training","phone":"905-651-5086","address":"St. Catharines, ON","postalcode":"","website":" ","working_hour":"","latitude":"","longitude":""},{"source":"yellow page","service_name":"Adidas Canada Ltd","category":"basketball training","phone":"5197524890","address":"156 Adams Blvd, Brantford, ON N3S 7V5","postalcode":"N3S 7V5","website":"http://www.shopadidas.ca","working_hour":"","latitude":"43.164045","longitude":"-80.228534"},{"source":"yellow page","service_name":"Adidas","category":"basketball training","phone":"2893410003","address":"B12B19-7500 Lundy's Lane, Niagara Falls, ON L2H 1G8","postalcode":"L2H 1G8","website":"http://www.shopadidas.ca","working_hour":"","latitude":"43.087873","longitude":"-79.120489"},{"source":"yellow page","service_name":"Nike Factory Outlet","category":"basketball training","phone":"905-374-4420","address":"7500 Lundy's Lane, Niagara Falls, ON L2H 1G8","postalcode":"L2H 1G8","website":"http://www.nike.ca","working_hour":"","latitude":"43.089021","longitude":"-79.120419"},{"source":"yellow page","service_name":"Woodbridge Basketball Association","category":"basketball training","phone":"905-851-9444","address":"ON","postalcode":"","website":" ","working_hour":"Monday 10:00 am - 5:00 pm   Tuesday 10:00 am - 5:00 pm   Wednesday 10:00 am - 5:00 pm   Thursday 10:00 am - 5:00 pm   Friday 10:00 am - 5:00 pm   Saturday 10:00 am - 5:00 pm   Sunday 10:00 am - 5:00 pm","latitude":"","longitude":""},{"source":"yellow page","service_name":"Planet Workout","category":"basketball training","phone":"9055699991","address":"3345 Laird Rd, Streetsville, ON","postalcode":"","website":" ","working_hour":"Monday 5:30 pm - 8:30 pm   Tuesday 5:30 pm - 8:30 pm   Wednesday 5:30 pm - 9:00 pm   Thursday 5:30 pm - 8:30 pm   Saturday 9:00 am - 12:00 pm","latitude":"","longitude":""},{"source":"yellow page","service_name":"Hoopvancing Basketball Training","category":"basketball training","phone":"647-990-0259","address":"ON","postalcode":"","website":" ","working_hour":"","latitude":"","longitude":""},{"source":"yellow page","service_name":"The Jean Academy","category":"basketball training","phone":"519-326-0809","address":"46 Erie St S, Leamington, ON N8H 3A9","postalcode":"N8H 3A9","website":" ","working_hour":"","latitude":"42.0519957","longitude":"-82.5998532"},{"source":"yellow page","service_name":"NOSM","category":"basketball training","phone":"7057719054","address":"8 Albert St, Parry Sound, ON P2A 3A4","postalcode":"P2A 3A4","website":" ","working_hour":"","latitude":"45.3425101","longitude":"-80.0191614"},{"source":"yellow page","service_name":"Fitt Gym & Personal Training","category":"basketball training","phone":"705-788-3488","address":"68 West Rd, Huntsville, ON P1H 1L8","postalcode":"P1H 1L8","website":"http://fittgym.com/","working_hour":"Monday 6:00 am - 9:00 pm   Tuesday 6:00 am - 9:00 pm   Wednesday 6:00 am - 9:00 pm   Thursday 6:00 am - 9:00 pm   Friday 6:00 am - 8:00 pm   Saturday 8:00 am - 3:00 pm   Sunday 9:00 am - 1:00 pm","latitude":"45.3332598","longitude":"-79.222105"},{"source":"yellow page","service_name":"University Of Waterloo","category":"basketball training","phone":"7057870564","address":"87 Forbes Hill Dr, Huntsville, ON P1H 0B6","postalcode":"P1H 0B6","website":" ","working_hour":"","latitude":"45.372519","longitude":"-79.14344"},{"source":"yellow page","service_name":"Georgian Bay Software","category":"basketball training","phone":"705-996-0452","address":"42 Gibson St, Parry Sound, ON P2A 1W9","postalcode":"P2A 1W9","website":" ","working_hour":"Monday 8:30 am - 5:30 pm   Tuesday 8:30 am - 5:30 pm   Wednesday 8:30 am - 5:30 pm   Thursday 8:30 am - 5:30 pm   Friday 8:30 am - 5:30 pm","latitude":"45.344446","longitude":"-80.035104"},{"source":"yellow page","service_name":"Provincial Training and Apprenticeship Local Office","category":"basketball training","phone":"7057371431","address":"Muskoka, ON","postalcode":"","website":" ","working_hour":"","latitude":"","longitude":""},{"source":"yellow page","service_name":"Training, Colleges and Universities","category":"basketball training","phone":"8003875514","address":"ON","postalcode":"","website":"http://www.edu.gov.on.ca","working_hour":"","latitude":"","longitude":""},{"source":"yellow page","service_name":"Collège Boréal","category":"basketball training","phone":"7058982244","address":"8 St David N, Noelville, ON P0M 2N0","postalcode":"P0M 2N0","website":" ","working_hour":"","latitude":"46.094867","longitude":"-80.494163"},{"source":"yellow page","service_name":"Ecoles du Conseil scolaire catholique Franco-Nord","category":"basketball training","phone":"7057586288","address":"7 Forget Ave RR 1, River Valley, ON P0H 2C0","postalcode":"P0H 2C0","website":"http://www.franco-nord.edu.on.ca","working_hour":"Monday 8:00 am - 4:00 pm   Tuesday 8:00 am - 4:00 pm   Wednesday 8:00 am - 4:00 pm   Thursday 8:00 am - 4:00 pm   Friday 8:00 am - 4:00 pm   Saturday 8:00 am - 4:00 pm   Sunday 8:00 am - 4:00 pm","latitude":"46.5893038","longitude":"-80.1826448"},{"source":"yellow page","service_name":"Contact North-Contact Nord","category":"basketball training","phone":"7057534900","address":"34 Semo Rd, Garden Village, ON P2B 3K2","postalcode":"P2B 3K2","website":" ","working_hour":"","latitude":"46.373941","longitude":"-79.863122"},{"source":"yellow page","service_name":"Collège Boréal","category":"basketball training","phone":"705-753-5420","address":"96 Main St, Sturgeon Falls, ON P2B 1N3","postalcode":"P2B 1N3","website":"http://collegeboreal.ca","working_hour":"","latitude":"46.3719575","longitude":"-79.9282512"},{"source":"yellow page","service_name":"Commission De Formation Du Nord-Est (CFNE)","category":"basketball training","phone":"1-800-530-9176","address":"Sans Frais, ON P0L 1N0","postalcode":"P0L 1N0","website":"http://fnetb.com","working_hour":"","latitude":"49.679196","longitude":"-83.668731"},{"source":"yellow page","service_name":"Collège Boréal","category":"basketball training","phone":"705-647-4421","address":"280 Armstrong St N RR 3, New Liskeard, ON P0J 1P0","postalcode":"P0J 1P0","website":"http://collegeboreal.ca","working_hour":"","latitude":"47.514919","longitude":"-79.6715868"},{"source":"yellow page","service_name":"Ontario College Of Reflexology","category":"basketball training","phone":"705-647-5354","address":"1232 Road A, Hudson, ON P0V 1X0","postalcode":"P0V 1X0","website":"http://ocr.edu","working_hour":"","latitude":"47.5234791","longitude":"-79.8512492"},{"source":"yellow page","service_name":"Contact North/Contact Nord","category":"basketball training","phone":"705-672-2183","address":"640 Latchford St, Haileybury, ON P0J 1K0","postalcode":"P0J 1K0","website":" ","working_hour":"","latitude":"47.4569916","longitude":"-79.6388089"},{"source":"yellow page","service_name":"Northern College Of Applied Arts & Technolo gy TechnologyHaileybury Campus","category":"basketball training","phone":"7056723376","address":"640 Latchford St, Hlyby, ON P0J 1K0","postalcode":"P0J 1K0","website":" ","working_hour":"","latitude":"47.44383","longitude":"-79.63788"},{"source":"yellow page","service_name":"Local Human Resource Development","category":"basketball training","phone":"819-722-2370","address":"112 Kakinwawigak, Belleterre, QC J0Z 1L0","postalcode":"J0Z 1L0","website":" ","working_hour":"","latitude":"47.565465","longitude":"-78.719468"},{"source":"yellow page","service_name":"Cégep de l'Abitibi-Témiscamingue,","category":"basketball training","phone":"819-629-3211","address":"9 Notre-Dame de Lourdes, Ville-Marie, QC J9X 5E5","postalcode":"J9X 5E5","website":" ","working_hour":"","latitude":"47.331747","longitude":"-79.4425729"},{"source":"yellow page","service_name":"Carrefour Jeunesse Emploi du Témiscamingue","category":"basketball training","phone":"819-622-2538","address":"4 St-Michel, Ville-Marie, QC","postalcode":"","website":"http://www.cjet.qc.ca","working_hour":"","latitude":"47.3298379","longitude":"-79.4406413"},{"source":"yellow page","service_name":"Université du Québec enAbitibi-TémiscamingueCentre deVille-Marie-TémiscamingVille-Marie-Témiscamingue","category":"basketball training","phone":"8196221453","address":"9A rue Notre-Dame-de-Lourdes, Ville-Marie, QC J9V 1X7","postalcode":"J9V 1X7","website":"http://www.uqat.ca","working_hour":"","latitude":"47.331747","longitude":"-79.4425729"},{"source":"yellow page","service_name":"Anglais Conversation Lessard","category":"basketball training","phone":"819-764-6166","address":"213, av Carter, Rouyn-Noranda, QC J9X 1S7","postalcode":"J9X 1S7","website":"http://www.conversationlessard.ca","working_hour":"Monday 7:00 am - 9:00 pm   Tuesday 7:00 am - 9:00 pm   Wednesday 7:00 am - 9:00 pm   Thursday 7:00 am - 9:00 pm   Friday 7:00 am - 9:00 pm","latitude":"48.2486972","longitude":"-79.0177573"},{"source":"yellow page","service_name":"URSTM - Unité de recherche et de service en tech nologie minérale","category":"basketball training","phone":"819-797-4118","address":"445, boul de l'Université, Rouyn-Noranda, QC J9X 5E4","postalcode":"J9X 5E4","website":" ","working_hour":"","latitude":"48.2296771","longitude":"-79.0097546"},{"source":"yellow page","service_name":"Contact North/Contact Nord","category":"basketball training","phone":"705-567-5505","address":"140 Government Rd E, Kirkland Lake, ON P2N 3L8","postalcode":"P2N 3L8","website":" ","working_hour":"","latitude":"48.1571638","longitude":"-80.017478"},{"source":"yellow page","service_name":"Université Du Québec En Abitibi-TémiscamingueRouyn-Noranda","category":"basketball training","phone":"8197620971","address":"445 boul de l'Université, Rouyn-Noranda, QC J9X 5E4","postalcode":"J9X 5E4","website":" ","working_hour":"","latitude":"48.2296771","longitude":"-79.0097546"},{"source":"yellow page","service_name":"CAFA Centre d'Animation de Formation et d'Accompagnement","category":"basketball training","phone":"819-797-2741","address":"332, rue Perreault E, Rouyn-Noranda, QC J9X 3C6","postalcode":"J9X 3C6","website":" ","working_hour":"","latitude":"48.2381767","longitude":"-79.0096616"},{"source":"yellow page","service_name":"Centre Diocésain De Formation","category":"basketball training","phone":"819-762-6445","address":"76, rue Cardinal-Bégin E, Rouyn-Noranda, QC J9X 3G8","postalcode":"J9X 3G8","website":" ","working_hour":"","latitude":"48.2367099","longitude":"-79.0178908"},{"source":"yellow page","service_name":"Northern College of Applied Arts & Technology","category":"basketball training","phone":"7055679291","address":"140 Government Rd E, Kirkland Lake, ON P2N 3L8","postalcode":"P2N 3L8","website":"http://www.northernc.on.ca/","working_hour":"","latitude":"48.157785","longitude":"-80.017454"},{"source":"yellow page","service_name":"Studio Rythme & Danse","category":"basketball training","phone":"819-762-1434","address":"456 av Richard, Rouyn-Noranda, QC J9X 4L8","postalcode":"J9X 4L8","website":"http://www.studiorythmeetdanse.com","working_hour":"Monday 5:00 pm - 9:00 pm   Tuesday 5:00 pm - 9:00 pm   Wednesday 5:00 pm - 9:00 pm   Thursday 5:00 pm - 9:00 pm   Friday 5:00 pm - 9:00 pm","latitude":"48.2301138","longitude":"-79.0157651"},{"source":"yellow page","service_name":"École De Théâtre 3-2-1 On Tourne","category":"basketball training","phone":"819-797-3900","address":"1-609, av Murdoch, Rouyn-Noranda, QC J9X 1H4","postalcode":"J9X 1H4","website":" ","working_hour":"","latitude":"48.24756","longitude":"-79.0374633"},{"source":"yellow page","service_name":"Centre musical En sol mineur Inc","category":"basketball training","phone":"819-764-9439","address":"14, av Murdoch, Rouyn-Noranda, QC J9X 1C3","postalcode":"J9X 1C3","website":"http://ensolmineur.ca","working_hour":"Monday 1:00 pm - 6:30 pm   Tuesday 1:00 pm - 6:30 pm   Wednesday 1:00 pm - 6:30 pm   Thursday 1:00 pm - 6:30 pm   Friday 10:00 am - 5:00 pm","latitude":"48.2462946","longitude":"-79.0099177"},{"source":"yellow page","service_name":"Cégep de l'Abitibi-Témiscamingue","category":"basketball training","phone":"819-764-6788","address":"555 boul du Collège, Rouyn-Noranda, QC J9X 4C1","postalcode":"J9X 4C1","website":"http://www.cegepat.qc.ca/accueil","working_hour":"","latitude":"48.2279053","longitude":"-79.0075079"},{"source":"yellow page","service_name":"C C Consultants Conseillers En Gestion","category":"basketball training","phone":"819-797-6373","address":"100-66 rue Gamble O, Rouyn-Noranda, QC J9X 2R4","postalcode":"J9X 2R4","website":"http://www.emc2consultants.ca","working_hour":"Monday 8:30 am - 4:30 pm   Tuesday 8:30 am - 4:30 pm   Wednesday 8:30 am - 4:30 pm   Thursday 8:30 am - 4:30 pm   Friday 8:30 am - 4:30 pm","latitude":"48.239907","longitude":"-79.021878"},{"source":"yellow page","service_name":"Cégep de l'Abitibi-Témiscamingue","category":"basketball training","phone":"819-762-0931","address":"425, boul du Collège, Rouyn-Noranda, QC J9X 5E5","postalcode":"J9X 5E5","website":" ","working_hour":"Monday 8:15 am - 4:30 pm   Tuesday 8:15 am - 4:30 pm   Wednesday 8:15 am - 4:30 pm   Thursday 8:15 am - 4:30 pm   Friday 8:15 am - 4:30 pm","latitude":"48.2274074","longitude":"-79.0075164"},{"source":"yellow page","service_name":"Separate School Board","category":"basketball training","phone":"7052324255","address":"540 Ste Helene Ave, Iroquois Falls, ON","postalcode":"","website":" ","working_hour":"","latitude":"48.7573633","longitude":"-80.6864328"},{"source":"yellow page","service_name":"Northern College of Applied Arts And Technology","category":"basketball training","phone":"7052724188","address":"149 5th Ave, Cochrane, ON P0L 1C0","postalcode":"P0L 1C0","website":"http://www.northernc.on.ca/","working_hour":"","latitude":"49.0638739","longitude":"-81.026601"},{"source":"yellow page","service_name":"Mushkegowuk Council","category":"basketball training","phone":"705-336-2278","address":"21 First St, Moosonee, ON P0L 1Y0","postalcode":"P0L 1Y0","website":" ","working_hour":"","latitude":"","longitude":""},{"source":"yellow page","service_name":"Moose Factory Academy Of Christian Education","category":"basketball training","phone":"705-658-4677","address":"ON","postalcode":"","website":" ","working_hour":"Monday 8:30 am - 4:30 pm   Tuesday 8:30 am - 4:30 pm   Wednesday 8:30 am - 4:30 pm   Thursday 8:30 am - 4:30 pm   Friday 8:30 am - 4:30 pm","latitude":"","longitude":""},{"source":"yellow page","service_name":"Université de Hearst campus De Timmins","category":"basketball training","phone":"7052672144","address":"395 Theriault Blvd, Timmins, ON P4N 0A7","postalcode":"P4N 0A7","website":"http://www.uhearst.ca/","working_hour":"Monday 9:00 am - 12:00 pm   Tuesday 9:00 am - 12:00 pm   Wednesday 9:00 am - 12:00 pm   Thursday 9:00 am - 12:00 pm   Friday 9:00 am - 12:00 pm","latitude":"48.4859879","longitude":"-81.345882"},{"source":"yellow page","service_name":"Northern College","category":"basketball training","phone":"705-336-2913","address":"24 First St, Moosonee, ON P0L 1Y0","postalcode":"P0L 1Y0","website":"http://www.northernc.on.ca","working_hour":"","latitude":"51.271019","longitude":"-80.647352"},{"source":"yellow page","service_name":"Contact North/Contact Nord","category":"basketball training","phone":"705-272-4817","address":"611 Eleventh Av, Sudbury, ON P3E 1M5","postalcode":"P3E 1M5","website":" ","working_hour":"","latitude":"46.483285","longitude":"-80.993245"},{"source":"yellow page","service_name":"Université Laurentienne","category":"basketball training","phone":"7056751151","address":"935 rue Ramsey-Ext 3002, Sudbury, ON P3E 2C6","postalcode":"P3E 2C6","website":"http://www.luvoyageurs.com","working_hour":"","latitude":"46.4709563","longitude":"-80.9711859"},{"source":"yellow page","service_name":"Contact North Contact Nord","category":"basketball training","phone":"7055257246","address":"623 Ester St, Sudbury, ON P3E 5C6","postalcode":"P3E 5C6","website":" ","working_hour":"","latitude":"46.444437","longitude":"-81.015886"},{"source":"yellow page","service_name":"Transport Training Centres Of Canada Inc","category":"basketball training","phone":"7055660550","address":"2565 Kingsway, Sudbury, ON P3B 2G1","postalcode":"P3B 2G1","website":"http://ttcc.ca/training","working_hour":"Monday 8:00 am - 5:00 pm   Tuesday 8:00 am - 5:00 pm   Wednesday 8:00 am - 5:00 pm   Thursday 8:00 am - 5:00 pm   Friday 8:00 am - 5:00 pm","latitude":"46.493184","longitude":"-80.913632"},{"source":"yellow page","service_name":"Native Counsellors Training Program","category":"basketball training","phone":"7056752068","address":"935 Ramsey Lake Rd, Sudbury, ON P3E 2C6","postalcode":"P3E 2C6","website":" ","working_hour":"","latitude":"46.4709563","longitude":"-80.9711859"},{"source":"yellow page","service_name":"Native Cousellors Training Program","category":"basketball training","phone":"7056758463","address":"935 Ramsey Lake Rd, Sudbury, ON P3E 2C6","postalcode":"P3E 2C6","website":" ","working_hour":"","latitude":"46.4709563","longitude":"-80.9711859"},{"source":"yellow page","service_name":"James Bay Education Centre Northern College-Education Complex","category":"basketball training","phone":"7056586423","address":"25 Pedabun Rd, Moose Factory, ON P0L 1W0","postalcode":"P0L 1W0","website":" ","working_hour":"","latitude":"51.260707","longitude":"-80.601141"},{"source":"yellow page","service_name":"Employment Options","category":"basketball training","phone":"705-338-1026","address":"105 2nd Ave, Smooth Rock Falls, ON P0L 2B0","postalcode":"P0L 2B0","website":"http://employmentoptions.ca","working_hour":"","latitude":"49.278616","longitude":"-81.623073"},{"source":"yellow page","service_name":"Group Insights Consulting","category":"basketball training","phone":"705-670-8850","address":"179 Gold St, Sudbury, ON P3E 5Z3","postalcode":"P3E 5Z3","website":"http://www.paddyosullivan.com","working_hour":"","latitude":"46.467395","longitude":"-81.024957"},{"source":"yellow page","service_name":"Careersport.com","category":"basketball training","phone":"416-966-2001","address":"303 Fifth Avenue, Timmins, ON P4N 5L5","postalcode":"P4N 5L5","website":"http://www.careersport.com","working_hour":"","latitude":"48.477229","longitude":"-81.326121"},{"source":"yellow page","service_name":"Inner Strength Personal Training","category":"basketball training","phone":"705-360-3000","address":"152 Cedar St S Uppr, Timmins, ON P4N 2G8","postalcode":"P4N 2G8","website":" ","working_hour":"","latitude":"48.4724346","longitude":"-81.3295484"},{"source":"yellow page","service_name":"Packard School Of Nutrition","category":"basketball training","phone":"7055605275","address":"1 Elmhurst Crt, Sudbury, ON P3A 1A3","postalcode":"P3A 1A3","website":"http://www.packardschool.com","working_hour":"","latitude":"46.508404","longitude":"-80.939149"},{"source":"yellow page","service_name":"Mushkegowuk Employment & Training Service","category":"basketball training","phone":"705-268-1150","address":"36 Birch St S, Timmins, ON P4N 2A5","postalcode":"P4N 2A5","website":"http://www.mushkegowuk.com/?page_id=2100","working_hour":"Monday 10:00 am - 12:00 pm   Tuesday 10:00 am - 12:00 pm   Wednesday 10:00 am - 12:00 pm   Thursday 10:00 am - 12:00 pm   Friday 10:00 am - 12:00 pm","latitude":"48.475415","longitude":"-81.332057"},{"source":"yellow page","service_name":"Cfaf Timmins","category":"basketball training","phone":"705-267-3222","address":"45 Spruce St S, Timmins, ON P4N 2M4","postalcode":"P4N 2M4","website":" ","working_hour":"","latitude":"48.475158","longitude":"-81.327034"},{"source":"yellow page","service_name":"Rhp Training Centre","category":"basketball training","phone":"705-523-9427","address":"1351 Kelly Lake Rd, Sudbury, ON P3E 5P5","postalcode":"P3E 5P5","website":"http://www.rhptraining.com/","working_hour":"","latitude":"46.4648828","longitude":"-81.0297299"},{"source":"yellow page","service_name":"Pat Picard School Of Dance","category":"basketball training","phone":"705-268-5400","address":"245 Craig St, Timmins, ON P4N 4A2","postalcode":"P4N 4A2","website":"http://www.patpicardschoolofdance.com","working_hour":"","latitude":"48.4775837","longitude":"-81.3554179"},{"source":"yellow page","service_name":"Lorijo Personal Training Studio","category":"basketball training","phone":"705-268-1525","address":"35 Jubilee Ave W, Timmins, ON P4N 4M7","postalcode":"P4N 4M7","website":" ","working_hour":"","latitude":"48.4869909","longitude":"-81.3362873"},{"source":"yellow page","service_name":"Mining Hazard Control Systems","category":"basketball training","phone":"705-560-3365","address":"1290-C Bancroft Dr, Sudbury, ON P3B 1R5","postalcode":"P3B 1R5","website":"http://www.mininghazardcontrolsystems.com/","working_hour":"Monday 9:00 am - 5:00 pm   Tuesday 9:00 am - 5:00 pm   Wednesday 9:00 am - 5:00 pm   Thursday 9:00 am - 5:00 pm   Friday 9:00 am - 5:00 pm","latitude":"46.4950559","longitude":"-80.9549543"},{"source":"yellow page","service_name":"Optimal Body Personal Training","category":"basketball training","phone":"7058225408","address":"2324 Long Lake Rd, Sudbury, ON P3E 5H4","postalcode":"P3E 5H4","website":"http://sudburypersonaltraining.com","working_hour":"","latitude":"46.444052","longitude":"-81.005885"},{"source":"yellow page","service_name":"NORCAT- Training and Development/Innovation Mill","category":"basketball training","phone":"705-521-8324","address":"1545 Maley Drive, Sudbury, ON P3A 4R7","postalcode":"P3A 4R7","website":"http://www.norcat.org/","working_hour":"","latitude":"46.520383","longitude":"-80.892944"},{"source":"yellow page","service_name":"Collège Universitaire","category":"basketball training","phone":"7052675889","address":"11 Elm St N, Timmins, ON P4N 6A3","postalcode":"P4N 6A3","website":" ","working_hour":"","latitude":"48.4763368","longitude":"-81.3344634"},{"source":"yellow page","service_name":"Kenjgewin Teg","category":"basketball training","phone":"705-377-4342","address":"HWY-551, M'Chigeeng, ON","postalcode":"","website":"http://fnssp.com","working_hour":"Monday 9:00 am - 4:00 pm   Tuesday 9:00 am - 4:00 pm   Wednesday 9:00 am - 4:00 pm   Thursday 9:00 am - 4:00 pm   Friday 9:00 am - 4:00 pm","latitude":"45.812876","longitude":"-82.1587089"},{"source":"yellow page","service_name":"Naadmaadwiiuk Employment and Training","category":"basketball training","phone":"705-596-2185","address":"Office-31 Reserve Rd, Naughton, ON P0M 2M0","postalcode":"P0M 2M0","website":" ","working_hour":"","latitude":"46.393824","longitude":"-81.245539"},{"source":"yellow page","service_name":"Contact North/Contact Nord","category":"basketball training","phone":"705-560-2710","address":"410 Falconbridge Rd, Sudbury, ON P3A 4S4","postalcode":"P3A 4S4","website":" ","working_hour":"","latitude":"46.508639","longitude":"-80.934508"},{"source":"yellow page","service_name":"Weengushk Film Institute","category":"basketball training","phone":"7053776011","address":"6589 Hwy 540, M'Chigeeng, ON P0P 1G0","postalcode":"P0P 1G0","website":"http://www.weengushk.com","working_hour":"Monday 9:00 am - 12:00 pm   Tuesday 9:00 am - 12:00 pm   Wednesday 9:00 am - 12:00 pm   Thursday 9:00 am - 12:00 pm   Friday 9:00 am - 12:00 pm","latitude":"45.843722","longitude":"-82.1973076"},{"source":"yellow page","service_name":"Axis Global Partners","category":"basketball training","phone":"7056820957","address":"10 Temperance, Copper Cliff, ON P0M 1N0","postalcode":"P0M 1N0","website":"http://www.axisgp.com","working_hour":"","latitude":"46.478379","longitude":"-81.06555"},{"source":"yellow page","service_name":"Safety Systems Training","category":"basketball training","phone":"705-983-0016","address":"2030 Pilon, Chelmsford, ON P0M 1L0","postalcode":"P0M 1L0","website":" ","working_hour":"","latitude":"46.56497","longitude":"-81.175247"},{"source":"yellow page","service_name":"Elite Training","category":"basketball training","phone":"705-583-3025","address":"122 Tudhope St, Espanola, ON P5E 1S6","postalcode":"P5E 1S6","website":" ","working_hour":"","latitude":"46.2610768","longitude":"-81.7777045"},{"source":"yellow page","service_name":"M'Chigeeng Employment & Community Development","category":"basketball training","phone":"705-377-7311","address":"94 Hwy 551, Mindemoya, ON","postalcode":"","website":" ","working_hour":"","latitude":"45.8235276","longitude":"-82.1617294"},{"source":"yellow page","service_name":"Mnidoo Mnising Employement","category":"basketball training","phone":"7052855555","address":"6947 6 Hwy S, ON P0M 3E0","postalcode":"P0M 3E0","website":"http://birchislandcampground.ca","working_hour":"","latitude":"46.352632","longitude":"-81.321672"},{"source":"yellow page","service_name":"Grant Mills Ltd","category":"basketball training","phone":"7052854336","address":"Birch Island, Whitefish Falls, ON P0P 2H0","postalcode":"P0P 2H0","website":"http://www.grantmillswood.com/privacy-policy/","working_hour":"","latitude":"46.112252","longitude":"-81.724698"},{"source":"yellow page","service_name":"Lifesaver 101 First Aid & CPR Training","category":"basketball training","phone":"705-677-8258","address":"324 Elm St, Sudbury, ON P3C 1V8","postalcode":"P3C 1V8","website":"http://www.lifesaver101.com","working_hour":"Monday 6:00 am - 5:00 am   Tuesday 6:00 am - 5:00 am   Wednesday 6:00 am - 5:00 am   Thursday 6:00 am - 5:00 am   Friday 6:00 am - 5:00 am   Saturday 6:00 am - 5:00 am   Sunday 6:00 am - 5:00 am   Appointment Only","latitude":"46.493102","longitude":"-81.007596"},{"source":"yellow page","service_name":"Wilky Literacy","category":"basketball training","phone":"705-859-2036","address":"64 Beach Rd, Wikwemikong, ON P0P 1N0","postalcode":"P0P 1N0","website":" ","working_hour":"","latitude":"45.766232","longitude":"-81.877084"},{"source":"yellow page","service_name":"Spanish Adult Education Centre","category":"basketball training","phone":"705-844-2823","address":"35 John, Spanish, ON P0P 2A0","postalcode":"P0P 2A0","website":" ","working_hour":"","latitude":"46.194791","longitude":"-82.341964"},{"source":"yellow page","service_name":"Adult Education Centre","category":"basketball training","phone":"7053561949","address":"44 Michigan Ave, Blind River, ON","postalcode":"","website":" ","working_hour":"","latitude":"46.1844385","longitude":"-82.9597955"},{"source":"yellow page","service_name":"Mississauga Adult Education","category":"basketball training","phone":"705-356-3197","address":"Village Rd, Blind River, ON P0R 1B0","postalcode":"P0R 1B0","website":" ","working_hour":"Monday 9:00 am - 12:00 pm   Tuesday 9:00 am - 12:00 pm   Wednesday 9:00 am - 12:00 pm   Thursday 9:00 am - 12:00 pm   Friday 9:00 am - 12:00 pm","latitude":"46.235781","longitude":"-83.156344"},{"source":"yellow page","service_name":"Contact North-Contact Nord","category":"basketball training","phone":"705-567-1700","address":"140 Govt Rd E, Krklk, ON P2N 3L1","postalcode":"P2N 3L1","website":"http://contactnorth.ca","working_hour":"","latitude":"","longitude":""},{"source":"yellow page","service_name":"Northern College Bookstore","category":"basketball training","phone":"7055671615","address":"140 Govt Rd E, Krklk, ON","postalcode":"","website":" ","working_hour":"","latitude":"","longitude":""},{"source":"yellow page","service_name":"Academy Of Learning Computer & Business Career College","category":"basketball training","phone":"705-524-8973","address":"45 Durham St, Sudbury, ON P3E 3M2","postalcode":"P3E 3M2","website":" ","working_hour":"","latitude":"46.4928186","longitude":"-80.9950294"},{"source":"yellow page","service_name":"Agate Consulting & Training INC","category":"basketball training","phone":"7055243531","address":"704 Beatrice Cres, Sudbury, ON P3A 5B5","postalcode":"P3A 5B5","website":" ","working_hour":"","latitude":"46.51","longitude":"-80.957687"},{"source":"yellow page","service_name":"Everest College","category":"basketball training","phone":"7056881188","address":"248-40 Elm St, Sudbury, ON P3C 1S8","postalcode":"P3C 1S8","website":" ","working_hour":"","latitude":"46.4931882","longitude":"-80.9925771"},{"source":"yellow page","service_name":"Jazz & Zigz Pet Grooming and Dog Training","category":"basketball training","phone":"705-885-7387","address":"2141A Lasalle Blvd, Sudbury, ON P3A 2A3","postalcode":"P3A 2A3","website":" ","working_hour":"","latitude":"46.5220656","longitude":"-80.9195915"},{"source":"yellow page","service_name":"Educational And Workplace Training","category":"basketball training","phone":"7056770432","address":"F3-124 Cedar St, Sudbury, ON P3E 1B4","postalcode":"P3E 1B4","website":"http://www.svrc.on.ca","working_hour":"","latitude":"46.492348","longitude":"-80.990454"},{"source":"yellow page","service_name":"Gezhtoojig Employment & Training","category":"basketball training","phone":"705-524-6772","address":"102-117 Elm St, Sudbury, ON P3C 1T3","postalcode":"P3C 1T3","website":"http://www.gezhtoojig.ca","working_hour":"","latitude":"46.4931037","longitude":"-80.9995692"},{"source":"yellow page","service_name":"Workforce Planning For Sudbury & Manitoulin","category":"basketball training","phone":"7056755822","address":"109 Elm St, Sudbury, ON P3C 1T4","postalcode":"P3C 1T4","website":"http://www.workforcepartnerships.com","working_hour":"","latitude":"46.4931021","longitude":"-80.9989608"},{"source":"yellow page","service_name":"Mobile Training Consultants","category":"basketball training","phone":"7055664348","address":"1191 Lansing Ave, Sudbury, ON P3A 4C4","postalcode":"P3A 4C4","website":" ","working_hour":"Monday 9:00 am - 4:00 pm   Tuesday 9:00 am - 4:00 pm   Wednesday 9:00 am - 4:00 pm   Thursday 9:00 am - 4:00 pm   Friday 9:00 am - 4:00 pm","latitude":"46.523424","longitude":"-80.929052"},{"source":"yellow page","service_name":"Learning Initiative","category":"basketball training","phone":"705-673-8943","address":"124 Cedar St, Sudbury, ON P3E 1B4","postalcode":"P3E 1B4","website":"http://learninginitiative.ca","working_hour":"","latitude":"46.492236","longitude":"-80.992311"},{"source":"yellow page","service_name":"HealthCare Software","category":"basketball training","phone":"705-525-1899","address":"1212 Voyageur St, Sudbury, ON P3A 3Z4","postalcode":"P3A 3Z4","website":"http://hcsinteractant.com","working_hour":"","latitude":"46.523417","longitude":"-80.935562"},{"source":"yellow page","service_name":"Collège Boréal","category":"basketball training","phone":"705-560-6673","address":"21 Lasalle Blvd, Sudbury, ON P3A 6B1","postalcode":"P3A 6B1","website":"http://www.borealc.on.ca","working_hour":"","latitude":"46.5218782","longitude":"-80.9912587"},{"source":"yellow page","service_name":"Valley Driver Training","category":"basketball training","phone":"705-969-8848","address":"99 cote Blvd, Hanmer, ON P3P 1L9","postalcode":"P3P 1L9","website":"http://www.valleydrivertraining.ca","working_hour":"","latitude":"46.650255","longitude":"-80.940342"},{"source":"yellow page","service_name":"Bark Busters In-Home Dog Training- Sudbury","category":"basketball training","phone":"705-626-3690","address":"3251 Frappier Rd, Val Caron, ON P3N 1A8","postalcode":"P3N 1A8","website":"http://bit.ly/19EaoTq","working_hour":"Monday 10:00 am - 11:00 pm   Tuesday 10:00 am - 11:00 pm   Wednesday 10:00 am - 11:00 pm   Thursday 10:00 am - 11:00 pm   Friday 10:00 am - 11:00 pm   Saturday 10:00 am - 11:00 pm   Sunday 10:00 am - 11:00 pm","latitude":"46.6164","longitude":"-81.028668"},{"source":"yellow page","service_name":"UniversitéDe Hearst Campus De Kapuskasing","category":"basketball training","phone":"7053358561","address":"7 Aurora, Kapuskasing, ON K2P 2C4","postalcode":"K2P 2C4","website":"http://elfontario.ca","working_hour":"","latitude":"49.419519","longitude":"-82.430105"},{"source":"yellow page","service_name":"Cree Services","category":"basketball training","phone":"705-371-2022","address":"98 Hwy 11, Val Rita, ON P0L 2G0","postalcode":"P0L 2G0","website":" ","working_hour":"","latitude":"49.444845","longitude":"-82.542033"},{"source":"yellow page","service_name":"John Hopkins University","category":"basketball training","phone":"7053375222","address":"11 Con O'Brien, Kapuskasing, ON","postalcode":"","website":" ","working_hour":"","latitude":"","longitude":""}]}