{"table":[{"source":"yellow page","service_name":"Glass & Mirror Plus Plus Plus IncOrleans","category":"glass and mirror","phone":"6138416998","address":"Orleans, ON K4A 3V3","postalcode":"K4A 3V3","website":" ","working_hour":"","latitude":"45.457754","longitude":"-75.492026"},{"source":"yellow page","service_name":"Vitrerie Jean-Pierre","category":"glass and mirror","phone":"8197725747","address":"1706 ch Pink, Gatineau, QC J9J 3N7","postalcode":"J9J 3N7","website":" ","working_hour":"","latitude":"45.442142","longitude":"-75.81319"},{"source":"yellow page","service_name":"La Place du Miroir Inc","category":"glass and mirror","phone":"4506233425","address":"504 ch d'Oka, Deux-Montagnes, QC J7R 1L3","postalcode":"J7R 1L3","website":"http://www.laplacedumirroir.ca","working_hour":"","latitude":"45.543744","longitude":"-73.891964"},{"source":"yellow page","service_name":"Gloucester Glass & Mirror Inc","category":"glass and mirror","phone":"613-749-7501","address":"16-5340 Canotek Rd, Gloucester, ON K1J 9C7","postalcode":"K1J 9C7","website":"http://www.gloucesterglass.ca","working_hour":"Monday 7:30 am - 4:30 pm   Tuesday 7:30 am - 4:30 pm   Wednesday 7:30 am - 4:30 pm   Thursday 7:30 am - 4:30 pm   Friday 7:30 am - 4:30 pm","latitude":"45.453884","longitude":"-75.584937"},{"source":"yellow page","service_name":"Mirror Works","category":"glass and mirror","phone":"6137464245","address":"2713 Fenton Rd, Gloucester, ON K1T 3T8","postalcode":"K1T 3T8","website":"http://www.mirrorworks.com","working_hour":"","latitude":"45.318987","longitude":"-75.620859"},{"source":"yellow page","service_name":"Vitrerie Glass & Windows Plus Plus Plus Inc","category":"glass and mirror","phone":"613-446-6777","address":"1-2800 rue Laurier, Rockland, ON K4K 1A2","postalcode":"K4K 1A2","website":" ","working_hour":"","latitude":"45.5407983","longitude":"-75.3017925"},{"source":"yellow page","service_name":"Albion Glass & Mirror","category":"glass and mirror","phone":"613-822-6095","address":"5457 Albion Rd, Gloucester, ON K1X 1A2","postalcode":"K1X 1A2","website":"http://www.albionglassandmirror.com","working_hour":"","latitude":"45.272693","longitude":"-75.595653"},{"source":"yellow page","service_name":"European Glass & Paint Co Ltd","category":"glass and mirror","phone":"6133199572","address":"1750 Woodward Dr, Ottawa, ON K2C 0P8","postalcode":"K2C 0P8","website":" ","working_hour":"Monday 8:00 am - 5:00 pm   Tuesday 8:00 am - 5:00 pm   Wednesday 8:00 am - 5:00 pm   Thursday 8:00 am - 5:00 pm   Friday 8:00 am - 5:00 pm   Saturday 8:00 am - 2:00 pm","latitude":"45.3711329","longitude":"-75.7515558"},{"source":"yellow page","service_name":"M And T Glass","category":"glass and mirror","phone":"613-745-7158","address":"1380 Cyrville Rd, Gloucester, ON K1B 3L9","postalcode":"K1B 3L9","website":"http://www.mtglass.com","working_hour":"Monday 8:00 am - 5:00 pm   Tuesday 8:00 am - 5:00 pm   Wednesday 8:00 am - 5:00 pm   Thursday 8:00 am - 5:00 pm   Friday 8:00 am - 5:00 pm   Saturday 10:00 am - 4:00 pm   24 Hour Emergency Service","latitude":"45.421372","longitude":"-75.622269"},{"source":"yellow page","service_name":"Vitrerie Des Sources","category":"glass and mirror","phone":"514-542-0692","address":"4360, boul des Sources, Dollard-des-Ormeaux, QC H8Y 3B7","postalcode":"H8Y 3B7","website":"http://www.vitreriedessources.com/","working_hour":"Monday 8:30 am - 4:30 pm   Tuesday 8:30 am - 4:30 pm   Wednesday 8:30 am - 4:30 pm   Thursday 8:30 am - 4:30 pm   Friday 8:30 am - 4:30 pm   Saturday 10:00 am - 3:00 pm","latitude":"45.4966503","longitude":"-73.81033"},{"source":"yellow page","service_name":"Rossen Glass & Mirror Ltd","category":"glass and mirror","phone":"6138319863","address":"195 Westbrook Rd, Kanata, ON K0A 1L0","postalcode":"K0A 1L0","website":"http://www.rossenglass.com","working_hour":"","latitude":"45.323658","longitude":"-76.155684"},{"source":"yellow page","service_name":"Graham Glass & Mirror Inc","category":"glass and mirror","phone":"613-831-9600","address":"3686 March Rd RR 2, Carp, ON K0A 1L0","postalcode":"K0A 1L0","website":"http://www.grahamglass.com","working_hour":"","latitude":"45.278956","longitude":"-76.111606"},{"source":"yellow page","service_name":"Prolite Glass & Mirrors Inc","category":"glass and mirror","phone":"613-742-8668","address":"2151 Bantree St, Ottawa, ON K1B 4X3","postalcode":"K1B 4X3","website":" ","working_hour":"","latitude":"45.405169","longitude":"-75.60967"},{"source":"yellow page","service_name":"Vitrerie Glass & Mirror Plus Plus Plus Inc","category":"glass and mirror","phone":"6134466777","address":"1-2800 rue Laurier, Rockland, ON K4K 1A2","postalcode":"K4K 1A2","website":"http://www.glassmirror.ca/","working_hour":"","latitude":"45.5407983","longitude":"-75.3017925"},{"source":"yellow page","service_name":"Clint's Glass & Mirror","category":"glass and mirror","phone":"6133457654","address":"Hillcrest Plaza Hwy 29, Elizabethtown, ON K6T 1A8","postalcode":"K6T 1A8","website":" ","working_hour":"","latitude":"44.621867","longitude":"-75.767107"},{"source":"yellow page","service_name":"Embrun Glass & Mirror","category":"glass and mirror","phone":"613-443-3634","address":"56 Forget, Embrun, ON K0A 1W0","postalcode":"K0A 1W0","website":" ","working_hour":"","latitude":"45.2741732","longitude":"-75.2780761"},{"source":"yellow page","service_name":"Oomen's Glass Ltd","category":"glass and mirror","phone":"613-900-3695","address":"1033 John Counter Blvd, Kingston, ON K7K 6C7","postalcode":"K7K 6C7","website":" ","working_hour":"Monday 8:00 am - 5:00 pm   Tuesday 8:00 am - 5:00 pm   Wednesday 8:00 am - 5:00 pm   Thursday 8:00 am - 5:00 pm   Friday 8:00 am - 4:30 pm   24 Hour Emergency Service","latitude":"44.259635","longitude":"-76.499364"},{"source":"yellow page","service_name":"Leeds Glass & Mirrors Inc","category":"glass and mirror","phone":"6133452032","address":"4512 Ferguson Dr, Elizabethtown, ON K6T 1A9","postalcode":"K6T 1A9","website":"http://www.leedsglass.ca","working_hour":"","latitude":"44.6227454","longitude":"-75.7667111"},{"source":"yellow page","service_name":"Pembroke Glass & Mirror","category":"glass and mirror","phone":"613-732-1707","address":"76 Irene St, Pembroke, ON K8A 8B5","postalcode":"K8A 8B5","website":" ","working_hour":"","latitude":"45.836919","longitude":"-77.155436"},{"source":"yellow page","service_name":"Moira Glass-Mirror / Moira Automatics","category":"glass and mirror","phone":"613-969-5175","address":"314 Pinnacle St, Belleville, ON K8N 3B4","postalcode":"K8N 3B4","website":"http://www.moiraglass.ca/","working_hour":"Monday 8:00 am - 5:00 pm   Tuesday 8:00 am - 5:00 pm   Wednesday 8:00 am - 5:00 pm   Thursday 8:00 am - 5:00 pm   Friday 8:00 am - 5:00 pm   Saturday 9:00 am - 1:00 pm   Emergency Appointments Available","latitude":"44.1670613","longitude":"-77.3839162"},{"source":"yellow page","service_name":"Fort Glass Incorporated","category":"glass and mirror","phone":"613-900-0317","address":"620 McKay St, Kingston, ON K7M 5V9","postalcode":"K7M 5V9","website":"http://www.fortglass.com","working_hour":"Monday 8:00 am - 5:00 pm   Tuesday 8:00 am - 5:00 pm   Wednesday 8:00 am - 5:00 pm   Thursday 8:00 am - 5:00 pm   Friday 8:00 am - 4:30 pm","latitude":"44.242851","longitude":"-76.577209"},{"source":"yellow page","service_name":"Kingston Plate & Window Glass","category":"glass and mirror","phone":"613-546-6421","address":"20-1407 John Counter Blvd, Kingston, ON K7K 6A9","postalcode":"K7K 6A9","website":"http://www.kingstonplate.com","working_hour":"Monday 7:30 am - 5:00 pm   Tuesday 7:30 am - 5:00 pm   Wednesday 7:30 am - 5:00 pm   Thursday 7:30 am - 5:00 pm   Friday 7:30 am - 5:00 pm","latitude":"44.258999","longitude":"-76.518231"},{"source":"yellow page","service_name":"Vitrerie Boisbriand Ltée","category":"glass and mirror","phone":"450-437-6140","address":"24, ch de la Grande-cote, Boisbriand, QC J7G 1E2","postalcode":"J7G 1E2","website":" ","working_hour":"","latitude":"45.6190338613","longitude":"-73.81277465"},{"source":"yellow page","service_name":"Brindle Glass & Mirror","category":"glass and mirror","phone":"613-967-3833","address":"1453 Frankford, Foxboro, ON","postalcode":"","website":" ","working_hour":"","latitude":"44.212502","longitude":"-77.5090615"},{"source":"yellow page","service_name":"Bracebridge Glass & Mirror","category":"glass and mirror","phone":"1-888-771-1778","address":"3 Armstrong St, Bracebridge, ON P1L 1C1","postalcode":"P1L 1C1","website":" ","working_hour":"","latitude":"45.0411136","longitude":"-79.3202138"},{"source":"yellow page","service_name":"Thorah Windows Glass & Mirror Ltd","category":"glass and mirror","phone":"705-426-5064","address":"324 Simcoe St, Beaverton, ON L0K 1A0","postalcode":"L0K 1A0","website":"http://www.thorahwindows.com","working_hour":"","latitude":"44.4297877","longitude":"-79.1544518"},{"source":"yellow page","service_name":"Ideal Glass & Mirror Makers Ltd","category":"glass and mirror","phone":"7054322748","address":"80 Davidson, Cannington, ON L0E 1E0","postalcode":"L0E 1E0","website":"http://www.ideal-glass.com","working_hour":"Monday 8:30 am - 5:00 pm   Tuesday 8:30 am - 5:00 pm   Wednesday 8:30 am - 5:00 pm   Thursday 8:30 am - 5:00 pm   Friday 8:30 am - 5:00 pm","latitude":"44.347081","longitude":"-79.033227"},{"source":"yellow page","service_name":"Orillia Glass & Mirror Ltd","category":"glass and mirror","phone":"705-325-5441","address":"177 Victoria St, Orillia, ON L3V 2W4","postalcode":"L3V 2W4","website":" ","working_hour":"Monday 8:00 am - 5:30 pm   Tuesday 8:00 am - 5:30 pm   Wednesday 8:00 am - 5:30 pm   Thursday 8:00 am - 5:30 pm   Friday 8:00 am - 5:30 pm   Saturday 8:00 am - 12:00 pm","latitude":"44.6033332","longitude":"-79.4244633"},{"source":"yellow page","service_name":"Haliburton Glass & Mirror","category":"glass and mirror","phone":"705-457-4573","address":"RR2-1128 Koshlong Lake Rd, Haliburton, ON K0M 1S0","postalcode":"K0M 1S0","website":"http://www.haliburtonglass.com","working_hour":"","latitude":"45.20493","longitude":"-78.559656"},{"source":"yellow page","service_name":"Dawson's Glass & Mirror","category":"glass and mirror","phone":"705-789-5222","address":"467 Aspdin Rd, Huntsville, ON P1H 1Y4","postalcode":"P1H 1Y4","website":" ","working_hour":"","latitude":"45.3134877","longitude":"-79.2521306"},{"source":"yellow page","service_name":"Peterborough Glass & Windows Ltd","category":"glass and mirror","phone":"705-745-9786","address":"280 Perry St, Peterborough, ON K9J 2J4","postalcode":"K9J 2J4","website":" ","working_hour":"Monday 8:00 am - 5:00 pm   Tuesday 8:00 am - 5:00 pm   Wednesday 8:00 am - 5:00 pm   Thursday 8:00 am - 5:00 pm   Friday 8:00 am - 4:30 pm   Saturday 8:00 am - 12:00 pm   24h Emergency (board Up Or Glass Replacement Services)   Our Hours Of Operation Are More For Our Show Room","latitude":"44.294397","longitude":"-78.324604"},{"source":"yellow page","service_name":"Lindsay Glass & Window Ltd","category":"glass and mirror","phone":"1-855-497-7705","address":"39 Cambridge St S, Lindsay, ON K9V 3B9","postalcode":"K9V 3B9","website":" ","working_hour":"Monday 8:00 am - 5:00 pm   Tuesday 8:00 am - 5:00 pm   Wednesday 8:00 am - 5:00 pm   Thursday 8:00 am - 5:00 pm   Friday 8:00 am - 5:00 pm   Saturday 8:00 am - 2:00 pm   Emergency Appointments Available","latitude":"44.3517573","longitude":"-78.7380909"},{"source":"yellow page","service_name":"Lake Simcoe Glass & Mirror Inc","category":"glass and mirror","phone":"705-726-6646","address":"6-20 Bell Farm Rd, Barrie, ON L4M 6E4","postalcode":"L4M 6E4","website":"http://www.lakesimcoeglass.ca","working_hour":"Monday 8:00 am - 5:00 pm   Tuesday 8:00 am - 5:00 pm   Wednesday 8:00 am - 5:00 pm   Thursday 8:00 am - 5:00 pm   Friday 8:00 am - 4:00 pm   Saturday 9:00 am - 12:00 pm","latitude":"44.4077425","longitude":"-79.6840024"},{"source":"yellow page","service_name":"Future Glass & Mirror","category":"glass and mirror","phone":"905-723-1638","address":"173 Harmony Rd N, Oshawa, ON L1G 6L4","postalcode":"L1G 6L4","website":" ","working_hour":"","latitude":"43.90903","longitude":"-78.836142"},{"source":"yellow page","service_name":"Vitrerie Nationale Inc","category":"glass and mirror","phone":"514-523-5440","address":"2837, rue Ontario E, Montréal, QC H2K 1X5","postalcode":"H2K 1X5","website":" ","working_hour":"Monday 8:00 am - 5:00 pm   Tuesday 8:00 am - 5:00 pm   Wednesday 8:00 am - 5:00 pm   Thursday 8:00 am - 5:00 pm   Friday 8:00 am - 5:00 pm","latitude":"45.5363196","longitude":"-73.5503677"},{"source":"yellow page","service_name":"Vitrerie Lachine Ltée","category":"glass and mirror","phone":"438-896-0805","address":"2225, rue Notre-Dame, Lachine, QC H8S 2G5","postalcode":"H8S 2G5","website":"http://www.vitrerielachine.com","working_hour":"Monday 8:00 am - 5:00 pm   Tuesday 8:00 am - 5:00 pm   Wednesday 8:00 am - 5:00 pm   Thursday 8:00 am - 5:00 pm   Friday 8:00 am - 5:00 pm   Saturday 9:00 am - 12:00 pm","latitude":"45.4348437","longitude":"-73.6844841"},{"source":"yellow page","service_name":"Balm Beach House Of Glass","category":"glass and mirror","phone":"705-527-6509","address":"760 Balm Beach Rd E, Midland, ON L4R 4K4","postalcode":"L4R 4K4","website":" ","working_hour":"","latitude":"44.734418","longitude":"-79.908363"},{"source":"yellow page","service_name":"Barrie Glass & Mirror Ltd","category":"glass and mirror","phone":"705-726-9122","address":"124 Big Bay Point Rd, Barrie, ON L4N 9B4","postalcode":"L4N 9B4","website":"http://www.barrieglass.ca","working_hour":"Monday 8:00 am - 5:00 pm   Tuesday 8:00 am - 5:00 pm   Wednesday 8:00 am - 5:00 pm   Thursday 8:00 am - 5:00 pm   Friday 8:00 am - 5:00 pm","latitude":"44.3526367","longitude":"-79.6674146"},{"source":"yellow page","service_name":"Johnson Glass & Mirror","category":"glass and mirror","phone":"416-573-0996","address":"39 Nicholson Dr, Uxbridge, ON L9P 1R2","postalcode":"L9P 1R2","website":"http://www.johnsonglassandmirror.ca","working_hour":"Monday 8:00 am - 6:00 pm   Tuesday 8:00 am - 6:00 pm   Wednesday 8:00 am - 6:00 pm   Thursday 8:00 am - 6:00 pm   Friday 8:00 am - 6:00 pm   Saturday 9:00 am - 5:00 pm","latitude":"44.247786","longitude":"-79.200064"},{"source":"yellow page","service_name":"Superior Glass & Mirror","category":"glass and mirror","phone":"289-274-0069","address":"1200 Philip Murray, Whitby, ON L1R 1S4","postalcode":"L1R 1S4","website":" ","working_hour":"Monday 8:30 am - 5:00 pm   Tuesday 8:30 am - 5:00 pm   Wednesday 8:30 am - 5:00 pm   Thursday 8:30 am - 5:00 pm   Friday 8:30 am - 4:00 pm","latitude":"43.902406","longitude":"-78.937714"},{"source":"yellow page","service_name":"Accurate Glass & Mirror (Barrie)","category":"glass and mirror","phone":"7057226767","address":"21 Patterson Rd, Barrie, ON L4N 7W6","postalcode":"L4N 7W6","website":"http://www.accurateglassbarrie.com","working_hour":"","latitude":"44.3693149","longitude":"-79.7086883"},{"source":"yellow page","service_name":"Hectors Glass & Mirror","category":"glass and mirror","phone":"705-737-7347","address":"10 Mariposa Cres, Oro-Medonte, ON L0L 1T0","postalcode":"L0L 1T0","website":" ","working_hour":"","latitude":"44.4839616","longitude":"-79.476869"},{"source":"yellow page","service_name":"Severn Glass & Mirror","category":"glass and mirror","phone":"705-538-1317","address":"72 Port Severn Rd RR 1, Port Severn, ON L0K 1S0","postalcode":"L0K 1S0","website":" ","working_hour":"","latitude":"44.8039503","longitude":"-79.7307951"},{"source":"yellow page","service_name":"Raiven Glass and Mirror","category":"glass and mirror","phone":"613-919-0968","address":"Belleville, ON","postalcode":"","website":" ","working_hour":"","latitude":"","longitude":""},{"source":"yellow page","service_name":"Ultimate Glass & Mirror","category":"glass and mirror","phone":"613-243-8933","address":"ON","postalcode":"","website":" ","working_hour":"","latitude":"","longitude":""},{"source":"yellow page","service_name":"Suburban Glass & Mirror Limited","category":"glass and mirror","phone":"416-284-1711","address":"24-1845 Sandstone Manor, Pickering, ON L1W 3X9","postalcode":"L1W 3X9","website":" ","working_hour":"","latitude":"43.809441","longitude":"-79.116389"},{"source":"yellow page","service_name":"A L L Glass & Mirror Services Ltd","category":"glass and mirror","phone":"289-460-2019","address":"487 Westney Rd S, Ajax, ON L1S 6W8","postalcode":"L1S 6W8","website":" ","working_hour":"Monday 8:00 am - 5:00 pm   Tuesday 8:00 am - 5:00 pm   Wednesday 8:00 am - 5:00 pm   Thursday 8:00 am - 5:00 pm   Friday 8:00 am - 5:00 pm","latitude":"43.8322757","longitude":"-79.0331293"},{"source":"yellow page","service_name":"Ace Glass Inc","category":"glass and mirror","phone":"4167526370","address":"33 Casebridge Crt, Scarborough, ON M1B 3J5","postalcode":"M1B 3J5","website":"http://www.aceglass.ca","working_hour":"Monday 8:00 am - 5:00 pm   Tuesday 8:00 am - 5:00 pm   Wednesday 8:00 am - 5:00 pm   Thursday 8:00 am - 5:00 pm   Friday 8:00 am - 5:00 pm","latitude":"43.809612","longitude":"-79.199794"},{"source":"yellow page","service_name":"Millan Glass & Mirror","category":"glass and mirror","phone":"9053721757","address":"","postalcode":"","website":"http://www.millanglass.com","working_hour":"Monday 9:00 am - 5:00 pm   Tuesday 9:00 am - 5:00 pm   Wednesday 9:00 am - 5:00 pm   Thursday 9:00 am - 5:00 pm   Friday 9:00 am - 5:00 pm","latitude":"","longitude":""},{"source":"yellow page","service_name":"Bedford Glass & Mirror Ltd","category":"glass and mirror","phone":"416-283-0384","address":"540 Coronation Dr, Scarborough, ON M1E 5B7","postalcode":"M1E 5B7","website":"http://bedfordglass.ca/","working_hour":"Monday 9:00 am - 12:00 pm   Tuesday 9:00 am - 12:00 pm   Wednesday 9:00 am - 12:00 pm   Thursday 9:00 am - 12:00 pm   Friday 9:00 am - 12:00 pm","latitude":"43.76509","longitude":"-79.164975"},{"source":"yellow page","service_name":"Ely's Glass Co Ltd","category":"glass and mirror","phone":"416-281-2501","address":"1335 Morningside Ave, Scarborough, ON M1B 5M4","postalcode":"M1B 5M4","website":"http://www.elysglass.com","working_hour":"Monday 8:00 am - 5:00 pm   Tuesday 8:00 am - 5:00 pm   Wednesday 8:00 am - 5:00 pm   Thursday 8:00 am - 5:00 pm   Friday 8:00 am - 4:30 pm","latitude":"43.806533","longitude":"-79.201488"},{"source":"yellow page","service_name":"Superior Glass & Mirror","category":"glass and mirror","phone":"9052450361","address":"1200 Phillip Murray Ave, Oshawa, ON L1J 6Z8","postalcode":"L1J 6Z8","website":" ","working_hour":"Monday 8:30 am - 5:00 pm   Tuesday 8:30 am - 5:00 pm   Wednesday 8:30 am - 5:00 pm   Thursday 8:30 am - 5:00 pm   Friday 8:30 am - 4:00 pm","latitude":"43.85522","longitude":"-78.872633"},{"source":"yellow page","service_name":"Complete Glass & Mirror","category":"glass and mirror","phone":"705-743-2956","address":"ON","postalcode":"","website":"http://www.completeglassandmirror.com/","working_hour":"","latitude":"","longitude":""},{"source":"yellow page","service_name":"Apex Glass and Mirror","category":"glass and mirror","phone":"9054282537","address":"41 Harwood Ave S, Ajax, ON L1S 2B8","postalcode":"L1S 2B8","website":" ","working_hour":"Monday 8:30 am - 6:00 pm   Tuesday 8:30 am - 6:00 pm   Wednesday 8:30 am - 6:00 pm   Thursday 8:30 am - 6:00 pm   Friday 8:30 am - 6:00 pm   Saturday 9:00 am - 2:00 pm","latitude":"43.857008","longitude":"-79.023992"},{"source":"yellow page","service_name":"All Glass And Mirror","category":"glass and mirror","phone":"9052392609","address":"4-487 Westney Rd S, Ajax, ON L1S 6W7","postalcode":"L1S 6W7","website":"http://www.allglassandmirrorservices.com","working_hour":"Monday 8:00 am - 5:00 pm   Tuesday 8:00 am - 5:00 pm   Wednesday 8:00 am - 5:00 pm   Thursday 8:00 am - 5:00 pm   Friday 8:00 am - 5:00 pm","latitude":"43.8322757","longitude":"-79.0331293"},{"source":"yellow page","service_name":"Pilkey Glass And Mirror","category":"glass and mirror","phone":"905-294-2542","address":"80 Bullock Dr, Markham, ON L3P 3P7","postalcode":"L3P 3P7","website":"http://www.pilkeyglassandmirror.com","working_hour":"","latitude":"43.877839","longitude":"-79.269183"},{"source":"yellow page","service_name":"Apollo Glass & Mirror","category":"glass and mirror","phone":"289-802-1296","address":"4 Vata Crt, Aurora, ON L4G 4B6","postalcode":"L4G 4B6","website":"http://www.apolloglass.ca","working_hour":"Monday 8:00 am - 5:00 pm   Tuesday 8:00 am - 5:00 pm   Wednesday 8:00 am - 5:00 pm   Thursday 8:00 am - 5:00 pm   Friday 8:00 am - 5:00 pm   Saturday 9:00 am - 1:00 pm   Close Holiday Weekends   24 Hour Emergency Glass Service","latitude":"43.987758","longitude":"-79.457268"},{"source":"yellow page","service_name":"Arm Glass & Mirror","category":"glass and mirror","phone":"905-758-5050","address":"17 Carriage Walk, Aurora, ON L4G 7J7","postalcode":"L4G 7J7","website":" ","working_hour":"Monday 8:00 am - 5:00 pm   Tuesday 8:00 am - 5:00 pm   Wednesday 8:00 am - 5:00 pm   Thursday 8:00 am - 5:00 pm   Friday 8:00 am - 5:00 pm   Saturday 9:00 am - 4:00 pm   Emergency Appointments Available","latitude":"44.0102","longitude":"-79.450048"},{"source":"yellow page","service_name":"Bradford Glass & Mirror Ltd","category":"glass and mirror","phone":"905-775-7373","address":"37 Holland E, Bradford West Gwillimbury, ON","postalcode":"","website":"http://bradfordglass.ca","working_hour":"Monday 8:00 am - 2:00 pm   Tuesday 8:00 am - 2:00 pm   Wednesday 8:00 am - 2:00 pm   Thursday 8:00 am - 2:00 pm   Friday 8:00 am - 1:00 pm   Saturday 9:00 am - 12:00 pm","latitude":"44.114604","longitude":"-79.563444"},{"source":"yellow page","service_name":"Brooklin Glass & Mirror","category":"glass and mirror","phone":"9056556065","address":"ON","postalcode":"","website":" ","working_hour":"","latitude":"43.651893","longitude":"-79.381713"},{"source":"yellow page","service_name":"Perfect Glass & Mirror Ltd","category":"glass and mirror","phone":"647-846-8306","address":"4490 Sheppard Ave E, Scarborough, ON M1S 4J9","postalcode":"M1S 4J9","website":" ","working_hour":"Monday 8:00 am - 5:30 pm   Tuesday 8:00 am - 5:30 pm   Wednesday 8:00 am - 5:30 pm   Thursday 8:00 am - 5:30 pm   Friday 8:00 am - 5:30 pm   Saturday 10:30 am - 4:30 pm","latitude":"43.788154","longitude":"-79.265813"},{"source":"yellow page","service_name":"GTA Glass & Mirrors","category":"glass and mirror","phone":"416-418-5148","address":"ON","postalcode":"","website":"http://www.gtaglass.com","working_hour":"","latitude":"","longitude":""},{"source":"yellow page","service_name":"Johnson Glass & Mirror","category":"glass and mirror","phone":"416-573-0996","address":"1173 Dundas St E, Toronto, ON M4M 1R9","postalcode":"M4M 1R9","website":"http://www.johnsonglassandmirror.ca","working_hour":"Monday 8:00 am - 6:00 pm   Tuesday 8:00 am - 6:00 pm   Wednesday 8:00 am - 6:00 pm   Thursday 8:00 am - 6:00 pm   Friday 8:00 am - 6:00 pm   Saturday 9:00 am - 5:00 pm","latitude":"43.6644939","longitude":"-79.3422023"},{"source":"yellow page","service_name":"P M Glass 24/7 Glass & Mirror","category":"glass and mirror","phone":"647-559-9275","address":"39 Fairview Blvd, Toronto, ON M4K 1L8","postalcode":"M4K 1L8","website":"http://www.pmglass.ca","working_hour":"Monday 9:00 am - 5:00 pm   Tuesday 9:00 am - 5:00 pm   Wednesday 9:00 am - 5:00 pm   Thursday 9:00 am - 5:00 pm   Friday 9:00 am - 5:00 pm   Emergency Appointments Available   24/7 Emergency Service","latitude":"43.675354","longitude":"-79.354839"},{"source":"yellow page","service_name":"Upper Canada Glass & Mirror","category":"glass and mirror","phone":"9057735206","address":"13110 Yonge St, Richmond Hill, ON L4E 2A2","postalcode":"L4E 2A2","website":"http://www.uppercanadaglass.ca","working_hour":"","latitude":"43.947286","longitude":"-79.455321"},{"source":"yellow page","service_name":"RCM Custom glass & Mirror","category":"glass and mirror","phone":"705-722-4726","address":"2635 Portage Trail, Minesing, ON L0L 1Y3","postalcode":"L0L 1Y3","website":"http://www.rcmglass.com","working_hour":"Monday 8:00 am - 5:00 pm   Tuesday 8:00 am - 5:00 pm   Wednesday 8:00 am - 5:00 pm   Thursday 8:00 am - 5:00 pm   Friday 8:00 am - 5:00 pm","latitude":"44.3994891","longitude":"-79.8148475"},{"source":"yellow page","service_name":"Cookstown Glass & Mirror","category":"glass and mirror","phone":"705-458-9059","address":"19 Victoria St W, Cookstown, ON L0L 1L0","postalcode":"L0L 1L0","website":"http://www.cookstownglassnmirror.ca","working_hour":"Monday 8:00 am - 5:00 pm   Tuesday 8:00 am - 5:00 pm   Wednesday 8:00 am - 5:00 pm   Thursday 8:00 am - 5:00 pm   Friday 8:00 am - 4:00 pm   24 Hour Service   Saturday & Sunday by Appointment","latitude":"44.1870741","longitude":"-79.7042847"},{"source":"yellow page","service_name":"Glass Mirror & Aluminum Company Inc Ashowrco Inc","category":"glass and mirror","phone":"9057370244","address":"135 Centre St E, Richmond Hill, ON L4C 1A5","postalcode":"L4C 1A5","website":" ","working_hour":"","latitude":"43.877312","longitude":"-79.431867"},{"source":"yellow page","service_name":"New Tecumseth Glass & Mirror Ltd","category":"glass and mirror","phone":"705-435-7567","address":"1-180 Parsons Rd, Alliston, ON L9R 1E8","postalcode":"L9R 1E8","website":"http://newtecglass.ca","working_hour":"Monday 9:00 am - 5:00 pm   Tuesday 9:00 am - 5:00 pm   Wednesday 9:00 am - 5:00 pm   Thursday 9:00 am - 5:00 pm   Friday 9:00 am - 5:00 pm   Saturday 9:00 am - 12:00 pm","latitude":"44.1494539","longitude":"-79.8581852"},{"source":"yellow page","service_name":"Fairview Glass & Mirror","category":"glass and mirror","phone":"416-291-0313","address":"2691 Markham Rd, Scarborough, ON M1X 1L4","postalcode":"M1X 1L4","website":"http://www.fairviewglassltd.com","working_hour":"Monday 7:00 am - 3:30 pm   Tuesday 7:00 am - 3:30 pm   Wednesday 7:00 am - 3:30 pm   Thursday 7:00 am - 3:30 pm   Friday 7:00 am - 3:30 pm","latitude":"43.819501","longitude":"-79.245777"},{"source":"yellow page","service_name":"Rexdale Glass & Mirror","category":"glass and mirror","phone":"9058578366","address":"9735 Columbia Way, Bolton, ON L7E 0T3","postalcode":"L7E 0T3","website":" ","working_hour":"","latitude":"43.9027553","longitude":"-79.7349634"},{"source":"yellow page","service_name":"Timeless Glass And Mirror Ltd","category":"glass and mirror","phone":"6477284007","address":"42 Lepage Crt, Toronto, ON M3J 1Z9","postalcode":"M3J 1Z9","website":" ","working_hour":"","latitude":"43.758939","longitude":"-79.4856334"},{"source":"yellow page","service_name":"Harding Glass & Mirror Ltd","category":"glass and mirror","phone":"416-745-7006","address":"750 Oakdale Road, North York, ON M3N 2Z4","postalcode":"M3N 2Z4","website":" ","working_hour":"","latitude":"43.751953","longitude":"-79.526429"},{"source":"yellow page","service_name":"All Team Glass & Mirror Ltd","category":"glass and mirror","phone":"9058517711","address":"281 Hanlan Rd, Woodbridge, ON L4L 3R7","postalcode":"L4L 3R7","website":"http://www.allteamglass.com","working_hour":"","latitude":"43.770396","longitude":"-79.557751"},{"source":"yellow page","service_name":"BJ Glass Mirror Service","category":"glass and mirror","phone":"416-663-1688","address":"855 Alness St, North York, ON M3J 2X3","postalcode":"M3J 2X3","website":" ","working_hour":"","latitude":"43.778903","longitude":"-79.475305"},{"source":"yellow page","service_name":"Okrainecs Glass & Mirror Inc","category":"glass and mirror","phone":"416-745-3827","address":"90 Turbine Dr, North York, ON M9L 2S2","postalcode":"M9L 2S2","website":" ","working_hour":"","latitude":"43.7659","longitude":"-79.556899"},{"source":"yellow page","service_name":"City Glass & Mirror","category":"glass and mirror","phone":"4167494527","address":"50 Irondale Dr, North York, ON M9L 1R8","postalcode":"M9L 1R8","website":" ","working_hour":"","latitude":"43.768111","longitude":"-79.548941"},{"source":"yellow page","service_name":"Ebm Glass And Mirror","category":"glass and mirror","phone":"905-597-4223","address":"3300 Steeles Ave W, Vaughan, ON L4K 2Y4","postalcode":"L4K 2Y4","website":" ","working_hour":"","latitude":"43.773889","longitude":"-79.528985"},{"source":"yellow page","service_name":"Viewtime Glass & Mirrors","category":"glass and mirror","phone":"9055320777","address":"85 Bowes Rd, Concord, ON L4K 1H6","postalcode":"L4K 1H6","website":"http://www.viewtimeglass.com","working_hour":"","latitude":"43.804724","longitude":"-79.491764"},{"source":"yellow page","service_name":"Discount Glass & Mirror","category":"glass and mirror","phone":"4166310089","address":"42 Lepage Court, North York, ON M3J 1Z9","postalcode":"M3J 1Z9","website":"http://www.timelessgm.com","working_hour":"","latitude":"43.758939","longitude":"-79.4856334"},{"source":"yellow page","service_name":"Smile Glass & Mirror","category":"glass and mirror","phone":"647-558-3116","address":"2400 Finch Ave W, North York, ON M9M 2C8","postalcode":"M9M 2C8","website":"http://smileglass.com/","working_hour":"","latitude":"43.750849","longitude":"-79.548413"},{"source":"yellow page","service_name":"Northern Windows & Glass","category":"glass and mirror","phone":"1-855-292-0369","address":"295 Pretty River Pky N, Collingwood, ON L9Y 4J4","postalcode":"L9Y 4J4","website":" ","working_hour":"Monday 8:00 am - 5:00 pm   Tuesday 8:00 am - 5:00 pm   Wednesday 8:00 am - 5:00 pm   Thursday 8:00 am - 5:30 pm   Friday 8:00 am - 5:30 pm   Saturday 8:00 am - 12:00 pm   Sundays - Closed   Closed Saturdays On Long Weekends","latitude":"44.502012","longitude":"-80.196784"},{"source":"yellow page","service_name":"Codani Glass And Mirror","category":"glass and mirror","phone":"6474305299","address":"37 Kodiak Cres, North York, ON M3J 3E5","postalcode":"M3J 3E5","website":" ","working_hour":"","latitude":"43.755245","longitude":"-79.466704"},{"source":"yellow page","service_name":"Adriatic Glass & Mirrors Ltd","category":"glass and mirror","phone":"289-514-0708","address":"89 Adesso Dr, Concord, ON L4K 3C7","postalcode":"L4K 3C7","website":"http://www.adriaticglass.com","working_hour":"","latitude":"43.776848","longitude":"-79.527845"},{"source":"yellow page","service_name":"Unique Design Glass And Mirror","category":"glass and mirror","phone":"416-301-0908","address":"18-2180 Highway 7, Concord, ON L4K 1W6","postalcode":"L4K 1W6","website":"http://www.udglass.com","working_hour":"","latitude":"43.8009519","longitude":"-79.4967238"},{"source":"yellow page","service_name":"Hour Glass & Mirror Inc","category":"glass and mirror","phone":"905-951-2783","address":"89 Healey Rd, Bolton, ON L7E 5A8","postalcode":"L7E 5A8","website":"http://www.hourglassandmirror.ca","working_hour":"","latitude":"43.864182","longitude":"-79.721215"},{"source":"yellow page","service_name":"Richmond Hill Glass & Mirror Ltd","category":"glass and mirror","phone":"905-417-1100","address":"90 Tigi Crt, Maple, ON L4K 5E4","postalcode":"L4K 5E4","website":" ","working_hour":"","latitude":"43.831665","longitude":"-79.518623"},{"source":"yellow page","service_name":"Northside Glass & Mirror","category":"glass and mirror","phone":"705-999-1530","address":"","postalcode":"","website":"http://northsideglass.com","working_hour":"Wednesday 8:30 am - 7:00 pm   Friday 8:30 am - 5:00 pm   Saturday 8:30 am - 3:00 pm","latitude":"","longitude":""},{"source":"yellow page","service_name":"Quesco Glass & Mirror","category":"glass and mirror","phone":"416-931-7477","address":"8550 Torbram Rd, Brampton, ON L6T 5C8","postalcode":"L6T 5C8","website":" ","working_hour":"","latitude":"43.725121","longitude":"-79.694545"},{"source":"yellow page","service_name":"Riti Glass & Mirror","category":"glass and mirror","phone":"289-323-0751","address":"18-2080 Steeles Ave E, Brampton, ON L6T 5A5","postalcode":"L6T 5A5","website":"http://www.ritiglass.com","working_hour":"Monday 8:00 am - 5:30 pm   Tuesday 8:00 am - 5:30 pm   Wednesday 8:00 am - 5:30 pm   Thursday 8:00 am - 5:30 pm   Friday 8:00 am - 5:30 pm   Saturday 9:00 am - 4:00 pm","latitude":"43.710556","longitude":"-79.684209"},{"source":"yellow page","service_name":"Fergus Glass & Mirror Ltd","category":"glass and mirror","phone":"519-843-5751","address":"6770 Beatty Line N, Fergus, ON N1M 2W3","postalcode":"N1M 2W3","website":"http://www.fergusglass.goldbook.ca","working_hour":"Monday 8:30 am - 5:00 pm   Tuesday 8:30 am - 5:00 pm   Wednesday 8:30 am - 5:00 pm   Thursday 8:30 am - 5:00 pm   Friday 8:30 am - 5:00 pm","latitude":"43.7299674","longitude":"-80.4307538"},{"source":"yellow page","service_name":"MacEwen Glass & Mirror","category":"glass and mirror","phone":"1-877-799-9422","address":"191 C Line, Orangeville, ON L9W 3W7","postalcode":"L9W 3W7","website":" ","working_hour":"Monday 8:30 am - 5:00 pm   Tuesday 8:30 am - 5:00 pm   Wednesday 8:30 am - 5:00 pm   Thursday 8:30 am - 5:00 pm   Friday 8:30 am - 5:00 pm","latitude":"43.904004","longitude":"-80.114052"},{"source":"yellow page","service_name":"Glass And Mirror Express","category":"glass and mirror","phone":"416-454-7246","address":"20a-81Zenway Blvd, Woodbridge, ON L4H 0S5","postalcode":"L4H 0S5","website":" ","working_hour":"","latitude":"43.776916","longitude":"-79.626283"},{"source":"yellow page","service_name":"Abaco Glass & Mirror","category":"glass and mirror","phone":"416-213-8829","address":"42 Steinway Blvd, Etobicoke, ON M9W 6Y6","postalcode":"M9W 6Y6","website":" ","working_hour":"","latitude":"43.751165","longitude":"-79.622038"},{"source":"yellow page","service_name":"Dufferin Glass & Mirror","category":"glass and mirror","phone":"519-940-4200","address":"76 Centennial Rd, Orangeville, ON L9W 1P9","postalcode":"L9W 1P9","website":"http://www.dufferinglass.com","working_hour":"","latitude":"43.905631","longitude":"-80.114258"},{"source":"yellow page","service_name":"ABA Glass & Mirror Repair","category":"glass and mirror","phone":"416-700-9916","address":"60 Governor Cres, Woodbridge, ON L4L 5G7","postalcode":"L4L 5G7","website":" ","working_hour":"Monday 9:00 am - 5:00 pm   Tuesday 9:00 am - 5:00 pm   Wednesday 9:00 am - 5:00 pm   Thursday 9:00 am - 5:00 pm   Friday 9:00 am - 5:00 pm","latitude":"43.793006","longitude":"-79.568016"},{"source":"yellow page","service_name":"Oakville Glass & Mirror Ltd","category":"glass and mirror","phone":"289-351-1275","address":"550 Bronte Rd, Oakville, ON L6L 6S1","postalcode":"L6L 6S1","website":" ","working_hour":"Monday 8:00 am - 5:00 pm   Tuesday 8:00 am - 5:00 pm   Wednesday 8:00 am - 5:00 pm   Thursday 8:00 am - 5:00 pm   Friday 8:00 am - 5:00 pm   Saturday 9:00 am - 3:00 pm","latitude":"43.402241","longitude":"-79.730468"},{"source":"yellow page","service_name":"Waterdown Glass & Mirror","category":"glass and mirror","phone":"905-689-9380","address":"102 Flamboro, Waterdown, ON L0R 2H0","postalcode":"L0R 2H0","website":"http://www.waterdownglass.ca","working_hour":"","latitude":"43.330155","longitude":"-79.890138"},{"source":"yellow page","service_name":"Continental Mirror & Glass Co","category":"glass and mirror","phone":"289-813-0986","address":"220 Speers Rd, Oakville, ON L6K 2E9","postalcode":"L6K 2E9","website":"http://www.continentalglass.ca","working_hour":"Monday 8:00 am - 5:00 pm   Tuesday 8:00 am - 5:00 pm   Wednesday 8:00 am - 5:00 pm   Thursday 8:00 am - 5:00 pm   Friday 8:00 am - 5:00 pm   Saturday 8:00 am - 3:00 pm","latitude":"43.444081","longitude":"-79.689652"},{"source":"yellow page","service_name":"Campbell Glass & Mirror","category":"glass and mirror","phone":"289-768-2521","address":"196 Ottawa St N, Hamilton, ON L8H 3Z5","postalcode":"L8H 3Z5","website":" ","working_hour":"Monday 8:00 am - 5:00 pm   Tuesday 8:00 am - 5:00 pm   Wednesday 8:00 am - 5:00 pm   Thursday 8:00 am - 5:00 pm   Friday 8:00 am - 5:00 pm   Saturday 10:00 am - 2:00 pm","latitude":"43.2480137","longitude":"-79.8175107"},{"source":"yellow page","service_name":"All Purpose Glass & Mirror","category":"glass and mirror","phone":"905-858-3355","address":"707 Main St E, Milton, ON L9T 3Z3","postalcode":"L9T 3Z3","website":"http://www.allpurposeglassandmirror.ca","working_hour":"Monday 9:00 am - 5:00 pm   Tuesday 9:00 am - 5:00 pm   Wednesday 9:00 am - 5:00 pm   Thursday 9:00 am - 5:00 pm   Friday 9:00 am - 5:00 pm   Saturday 9:00 am - 2:00 pm","latitude":"43.523591","longitude":"-79.871829"},{"source":"yellow page","service_name":"Burlington Glass & Mirror Co Ltd","category":"glass and mirror","phone":"289-812-4973","address":"J-4129 Harvester Rd, Burlington, ON L7L 5M3","postalcode":"L7L 5M3","website":"http://www.burlingtonglass.ca","working_hour":"Monday 8:00 am - 5:00 pm   Tuesday 8:00 am - 5:00 pm   Wednesday 8:00 am - 5:00 pm   Thursday 8:00 am - 5:00 pm   Friday 8:00 am - 5:00 pm   Saturday 10:00 am - 1:00 pm","latitude":"43.366294","longitude":"-79.779628"},{"source":"yellow page","service_name":"Mirror Interiors","category":"glass and mirror","phone":"9058292111","address":"2504 Bristol Cir, Oakville, ON L6H 5S1","postalcode":"L6H 5S1","website":" ","working_hour":"Monday 8:00 am - 6:00 pm   Tuesday 8:00 am - 6:00 pm   Wednesday 8:00 am - 6:00 pm   Thursday 8:00 am - 6:00 pm   Friday 8:00 am - 6:00 pm   Saturday 10:00 am - 4:00 pm   Saturday Showroom 10:00 am - 4:00 pm","latitude":"43.519122","longitude":"-79.682133"},{"source":"yellow page","service_name":"Grimsby Glass & Mirror Inc","category":"glass and mirror","phone":"905-945-5282","address":"9 Oak St, Grimsby, ON L3M 3G4","postalcode":"L3M 3G4","website":"http://www.grimsbyglass.ca","working_hour":"","latitude":"43.191792","longitude":"-79.561664"},{"source":"yellow page","service_name":"Clemence Glass & Paint Ltd","category":"glass and mirror","phone":"905-871-2472","address":"95 Niagara Blvd, Fort Erie, ON L2A 3G5","postalcode":"L2A 3G5","website":" ","working_hour":"","latitude":"42.911058","longitude":"-78.909295"},{"source":"yellow page","service_name":"Fleming Windows & Mirrors Ltd","category":"glass and mirror","phone":"289-434-4625","address":"29 Maywood Ave, St Catharines, ON L2R 1C5","postalcode":"L2R 1C5","website":"http://www.flemingwindows.com","working_hour":"Monday 8:00 am - 5:00 pm   Tuesday 8:00 am - 5:00 pm   Wednesday 8:00 am - 5:00 pm   Thursday 8:00 am - 5:00 pm   Friday 8:00 am - 5:00 pm   Saturday 9:00 am - 1:00 pm","latitude":"43.178948","longitude":"-79.262442"},{"source":"yellow page","service_name":"Low's Glass & Mirror Co Ltd","category":"glass and mirror","phone":"289-438-8581","address":"181 Church St, St Catharines, ON L2R 3E6","postalcode":"L2R 3E6","website":"http://www.lowsglass.com","working_hour":"","latitude":"43.163912","longitude":"-79.238832"},{"source":"yellow page","service_name":"Regional Glass & Mirror","category":"glass and mirror","phone":"905-734-9061","address":"35 Vaughan Rd, Welland, ON L3B 5Z7","postalcode":"L3B 5Z7","website":" ","working_hour":"Monday 8:00 am - 4:00 pm   Tuesday 8:00 am - 4:00 pm   Wednesday 8:00 am - 4:00 pm   Thursday 8:00 am - 4:00 pm   Friday 8:00 am - 4:00 pm","latitude":"42.9644183","longitude":"-79.2646858"},{"source":"yellow page","service_name":"Glass Company","category":"glass and mirror","phone":"289-271-4115","address":"1563 Thompson Rd, Fort Erie, ON L2A 5M4","postalcode":"L2A 5M4","website":" ","working_hour":"Monday 8:30 am - 5:00 pm   Tuesday 8:30 am - 5:00 pm   Thursday 8:30 am - 5:00 pm   Friday 8:30 am - 5:00 pm   Saturday 8:30 am - 12:00 pm","latitude":"42.919275","longitude":"-78.940903"},{"source":"yellow page","service_name":"2 Guys Glass & Mirror","category":"glass and mirror","phone":"905-371-2489","address":"1-6724 Morrison St, Niagara Falls, ON L2E 6Z8","postalcode":"L2E 6Z8","website":" ","working_hour":"","latitude":"43.104248","longitude":"-79.108552"},{"source":"yellow page","service_name":"ACCU Glass and Mirror","category":"glass and mirror","phone":"647-292-7008","address":"72 Charles Alfred Crescent, Markham, ON L3S 2B8","postalcode":"L3S 2B8","website":" ","working_hour":"","latitude":"43.834392","longitude":"-79.275199"},{"source":"yellow page","service_name":"Tommy Glass & Mirror Co","category":"glass and mirror","phone":"4167543162","address":"63 Silver Star Blvd, Scarborough, ON M1V 5E5","postalcode":"M1V 5E5","website":" ","working_hour":"","latitude":"43.806515","longitude":"-79.291007"},{"source":"yellow page","service_name":"Proto Glass & Mirror","category":"glass and mirror","phone":"416-292-1811","address":"5-3015 Kennedy Rd, Scarborough, ON M1V 1E7","postalcode":"M1V 1E7","website":"http://www.protoglass.com","working_hour":"","latitude":"43.807542","longitude":"-79.299843"},{"source":"yellow page","service_name":"P M Glass 24/7 Glass & Mirror","category":"glass and mirror","phone":"647-846-8553","address":"30 Antrim Cr, Scarborough, ON M1P 4S4","postalcode":"M1P 4S4","website":" ","working_hour":"Monday 9:00 am - 5:00 pm   Tuesday 9:00 am - 5:00 pm   Wednesday 9:00 am - 5:00 pm   Thursday 9:00 am - 5:00 pm   Friday 9:00 am - 5:00 pm   Emergency Appointments Available","latitude":"43.771861","longitude":"-79.286437"},{"source":"yellow page","service_name":"Yang Yao Tao O A Ming Ming Decorative Glass & Mirror","category":"glass and mirror","phone":"905-477-8898","address":"4600 Steeles Ave E, Markham, ON L3R 5J1","postalcode":"L3R 5J1","website":" ","working_hour":"","latitude":"43.826042","longitude":"-79.296912"},{"source":"yellow page","service_name":"Ming Ming Decorative Glass & Mirror Ltd","category":"glass and mirror","phone":"416-754-8880","address":"200 Silver Star, Scarborough, ON M1V 5M1","postalcode":"M1V 5M1","website":"http://www.mingmingglass.com","working_hour":"","latitude":"43.809832","longitude":"-79.292828"},{"source":"yellow page","service_name":"First Glass & Mirror Inc","category":"glass and mirror","phone":"6473528866","address":"21 Metropolitan Rd, Scarborough, ON M1R 2T5","postalcode":"M1R 2T5","website":"http://www.1stglass.ca","working_hour":"Monday 9:00 am - 6:00 pm   Tuesday 9:00 am - 6:00 pm   Wednesday 9:00 am - 6:00 pm   Thursday 9:00 am - 6:00 pm   Friday 9:00 am - 6:00 pm   Saturday 9:30 am - 4:30 pm","latitude":"43.767586","longitude":"-79.301084"},{"source":"yellow page","service_name":"Gilbert Glass & Mirror Inc","category":"glass and mirror","phone":"416-531-0500","address":"50 Howden Rd, Scarborough, ON M1R 3E4","postalcode":"M1R 3E4","website":" ","working_hour":"Monday 9:30 am - 5:30 pm   Tuesday 9:30 am - 5:30 pm   Wednesday 9:30 am - 5:30 pm   Thursday 9:30 am - 5:30 pm   Friday 9:30 am - 5:30 pm","latitude":"43.750214","longitude":"-79.289376"},{"source":"yellow page","service_name":"Ngai Wah Glass & Mirror Ontario Limited","category":"glass and mirror","phone":"416-609-0369","address":"2370 Midland Ave, Scarborough, ON M1S 5C6","postalcode":"M1S 5C6","website":" ","working_hour":"Monday 8:30 am - 5:30 pm   Tuesday 8:30 am - 5:30 pm   Wednesday 8:30 am - 5:30 pm   Thursday 8:30 am - 5:30 pm   Friday 8:30 am - 5:30 pm   Saturday 10:30 am - 4:30 pm","latitude":"43.7808205","longitude":"-79.2762388"},{"source":"yellow page","service_name":"Shells Glass & Mirror","category":"glass and mirror","phone":"647-882-0163","address":"132 Browns Line, Etobicoke, ON M8W 3T2","postalcode":"M8W 3T2","website":" ","working_hour":"Monday 9:00 am - 5:00 pm   Tuesday 9:00 am - 5:00 pm   Wednesday 9:00 am - 5:00 pm   Thursday 9:00 am - 5:00 pm   Friday 9:00 am - 5:00 pm","latitude":"43.595982","longitude":"-79.542707"},{"source":"yellow page","service_name":"Flintstone Glass And Mirrors","category":"glass and mirror","phone":"9052741436","address":"729 Lakeshore Rd E, Mississauga, ON L5G 1J7","postalcode":"L5G 1J7","website":" ","working_hour":"","latitude":"43.570532","longitude":"-79.565531"},{"source":"yellow page","service_name":"Loreco Mirror","category":"glass and mirror","phone":"905-828-7284","address":"38-3100 Ridgeway Dr, Mississauga, ON L5L 5M5","postalcode":"L5L 5M5","website":"http://lorecomirror.ca","working_hour":"Monday 9:00 am - 6:00 pm   Tuesday 9:00 am - 6:00 pm   Wednesday 9:00 am - 6:00 pm   Thursday 9:00 am - 6:00 pm   Friday 9:00 am - 6:00 pm   Saturday 9:00 am - 6:00 pm","latitude":"43.518494","longitude":"-79.691659"},{"source":"yellow page","service_name":"Budget Glass And Mirrors","category":"glass and mirror","phone":"416-251-8053","address":"248 Browns Line, Etobicoke, ON M8W 3T4","postalcode":"M8W 3T4","website":" ","working_hour":"Appointment Only","latitude":"43.59831","longitude":"-79.543678"},{"source":"yellow page","service_name":"Frank's Glass & Mirror","category":"glass and mirror","phone":"905-560-3113","address":"2751 Barton St E, Hamilton, ON L8E 2J8","postalcode":"L8E 2J8","website":"http://www.franksglass.ca","working_hour":"Monday 8:00 am - 5:00 pm   Tuesday 8:00 am - 5:00 pm   Wednesday 8:00 am - 5:00 pm   Thursday 8:00 am - 5:00 pm   Friday 8:00 am - 5:00 pm","latitude":"43.233479","longitude":"-79.745205"},{"source":"yellow page","service_name":"Royal Glass & Mirror","category":"glass and mirror","phone":"289-768-1944","address":"5B, 38 Bigwin Rd, Hamilton, ON L8W 3R4","postalcode":"L8W 3R4","website":"http://royalglass.ca","working_hour":"Monday 8:00 am - 5:00 pm   Tuesday 8:00 am - 5:00 pm   Wednesday 8:00 am - 5:00 pm   Thursday 8:00 am - 5:00 pm   Friday 8:00 am - 5:00 pm   24/7 Emergency Service","latitude":"43.19321","longitude":"-79.822137"},{"source":"yellow page","service_name":"Crizal Glass & Mirror Ltd","category":"glass and mirror","phone":"905-273-3388","address":"3663 Mavis Rd, Mississauga, ON L5C 2Z2","postalcode":"L5C 2Z2","website":" ","working_hour":"24 hours a day - 7 days a week","latitude":"43.5783418","longitude":"-79.6502169"},{"source":"yellow page","service_name":"Flintstone Glass & Mirror","category":"glass and mirror","phone":"9058912230","address":"729 Lakeshore Rd E, Mississauga, ON L5G 1J7","postalcode":"L5G 1J7","website":" ","working_hour":"Monday 9:00 am - 6:00 pm   Tuesday 9:00 am - 6:00 pm   Wednesday 9:00 am - 6:00 pm   Thursday 9:00 am - 6:00 pm   Friday 9:00 am - 6:00 pm   Saturday 9:00 am - 4:00 pm","latitude":"43.570594","longitude":"-79.56575"},{"source":"yellow page","service_name":"Ace Glass & Mirror Ltd","category":"glass and mirror","phone":"905-569-6559","address":"3130 Laird Rd, Mississauga, ON L5L 5X4","postalcode":"L5L 5X4","website":" ","working_hour":"Monday 8:00 am - 5:00 pm   Tuesday 8:00 am - 5:00 pm   Wednesday 8:00 am - 5:00 pm   Thursday 8:00 am - 5:00 pm   Friday 8:00 am - 5:00 pm   Saturday 9:00 am - 3:00 pm   24 Hour Emergency Service","latitude":"43.522637","longitude":"-79.688368"},{"source":"yellow page","service_name":"Parkway Glass And Mirror Limited","category":"glass and mirror","phone":"905-475-0136","address":"100 Amber St, Markham, ON L3R 3A2","postalcode":"L3R 3A2","website":" ","working_hour":"","latitude":"43.828193","longitude":"-79.331255"},{"source":"yellow page","service_name":"Central Glass & Mirror","category":"glass and mirror","phone":"9054155148","address":"95 Konrad Cres, Markham, ON L3R 8T8","postalcode":"L3R 8T8","website":"http://www.centralglassandmirror.ca","working_hour":"","latitude":"43.832941","longitude":"-79.356891"},{"source":"yellow page","service_name":"Dae Sun Glass & Mirror","category":"glass and mirror","phone":"9056048122","address":"161 Denison St, Markham, ON L3R 1B5","postalcode":"L3R 1B5","website":" ","working_hour":"","latitude":"43.8212495","longitude":"-79.3544178"},{"source":"yellow page","service_name":"Kai Wei Glass & Mirror Ltd","category":"glass and mirror","phone":"905-513-8533","address":"95 Royal Crest Crt, Markham, ON L3R 9X5","postalcode":"L3R 9X5","website":" ","working_hour":"","latitude":"43.840878","longitude":"-79.326641"},{"source":"yellow page","service_name":"Adel Glass & Mirror","category":"glass and mirror","phone":"416-285-8053","address":"91 Crockford Blvd, Scarborough, ON M1R 3B7","postalcode":"M1R 3B7","website":" ","working_hour":"","latitude":"43.742082","longitude":"-79.289363"},{"source":"yellow page","service_name":"Horizon Glass & Mirror Ltd","category":"glass and mirror","phone":"416-285-9468","address":"91 Crockford Blvd, Scarborough, ON M1R 3B7","postalcode":"M1R 3B7","website":" ","working_hour":"","latitude":"43.742082","longitude":"-79.289363"},{"source":"yellow page","service_name":"Verrage Glass And Mirror Inc","category":"glass and mirror","phone":"437-370-0437","address":"155 Racco Pky, Thornhill, ON L4J 8X9","postalcode":"L4J 8X9","website":"http://www.verrage.com","working_hour":"Monday 8:00 am - 5:00 pm   Tuesday 8:00 am - 5:00 pm   Wednesday 8:00 am - 5:00 pm   Thursday 8:00 am - 5:00 pm   Friday 8:00 am - 5:00 pm","latitude":"43.816433","longitude":"-79.473947"},{"source":"yellow page","service_name":"C & G Glass & Mirror Ltd","category":"glass and mirror","phone":"905-738-4161","address":"150 Bradwick Dr, Concord, ON L4K 4M7","postalcode":"L4K 4M7","website":" ","working_hour":"Monday 8:00 am - 3:00 pm   Tuesday 8:00 am - 3:00 pm   Wednesday 8:00 am - 3:00 pm   Thursday 8:00 am - 3:00 pm   Friday 8:00 am - 3:00 pm   Fridays; Please Call Before","latitude":"43.816834","longitude":"-79.489133"},{"source":"yellow page","service_name":"Sedulous Glass& Mirror Lt","category":"glass and mirror","phone":"9056600006","address":"9030 Keele St, Concord, ON L4K 2N2","postalcode":"L4K 2N2","website":"http://www.sedulousglass.ca","working_hour":"Monday 8:00 am - 5:00 pm   Tuesday 8:00 am - 5:00 pm   Wednesday 8:00 am - 5:00 pm   Thursday 8:00 am - 5:00 pm   Friday 8:00 am - 5:00 pm","latitude":"43.831391","longitude":"-79.50694"},{"source":"yellow page","service_name":"Classic Glass & Mirror","category":"glass and mirror","phone":"9057611814","address":"9010 Keele St, Concord, ON L4K 2N2","postalcode":"L4K 2N2","website":"http://classicglassandmirror.ca","working_hour":"","latitude":"43.830981","longitude":"-79.506854"},{"source":"yellow page","service_name":"Classic Mirror & Glass","category":"glass and mirror","phone":"416-761-1814","address":"411 Four Valley Dr, Concord, ON L4K 5Y8","postalcode":"L4K 5Y8","website":"http://classicglassandmirror.ca","working_hour":"","latitude":"43.819896","longitude":"-79.534828"},{"source":"yellow page","service_name":"St Clair Glass & Mirror Corp","category":"glass and mirror","phone":"905-760-2233","address":"116 Corstate Ave, Concord, ON L4K 4X2","postalcode":"L4K 4X2","website":"http://www.stclairglass.com","working_hour":"Monday 8:00 am - 5:00 pm   Tuesday 8:00 am - 5:00 pm   Wednesday 8:00 am - 5:00 pm   Thursday 8:00 am - 5:00 pm   Friday 8:00 am - 4:00 pm","latitude":"43.81788","longitude":"-79.534465"},{"source":"yellow page","service_name":"No Delay Glass & Mirror","category":"glass and mirror","phone":"905-760-2136","address":"411 Four Valley Dr, Thornhill, ON L4K 5Y7","postalcode":"L4K 5Y7","website":" ","working_hour":"","latitude":"43.819863","longitude":"-79.535594"},{"source":"yellow page","service_name":"Great Pyramid Glass & Mirror Ltd","category":"glass and mirror","phone":"9058503678","address":"91 Carlauren Rd, Woodbridge, ON L4L 8A8","postalcode":"L4L 8A8","website":"http://www.greatpyramid.ca","working_hour":"","latitude":"43.7989666","longitude":"-79.5466973"},{"source":"yellow page","service_name":"Starko Glass & Mirror Inc","category":"glass and mirror","phone":"905-362-0315","address":"12-7050 Telford Way, Mississauga, ON L5S 1V7","postalcode":"L5S 1V7","website":"http://www.starkoglass.com","working_hour":"Monday 9:00 am - 5:00 pm   Tuesday 9:00 am - 5:00 pm   Wednesday 9:00 am - 5:00 pm   Thursday 9:00 am - 5:00 pm   Friday 9:00 am - 5:00 pm","latitude":"43.680578","longitude":"-79.66972"},{"source":"yellow page","service_name":"Top Quality Glass & Mirror Inc","category":"glass and mirror","phone":"416-548-6592","address":"2-1575 Trinity Dr, Mississauga, ON L5T 1K4","postalcode":"L5T 1K4","website":" ","working_hour":"","latitude":"43.659693","longitude":"-79.649347"},{"source":"yellow page","service_name":"National Glass & Mirror Co","category":"glass and mirror","phone":"905-277-9547","address":"1730 Dundas St E, Mississauga, ON L4X 1L8","postalcode":"L4X 1L8","website":"http://nationalglassandmirror.ca","working_hour":"Monday 8:00 am - 4:00 pm   Tuesday 8:00 am - 4:00 pm   Wednesday 8:00 am - 4:00 pm   Thursday 8:00 am - 4:00 pm   Friday 8:00 am - 4:00 pm","latitude":"43.616557","longitude":"-79.575993"},{"source":"yellow page","service_name":"Phoenix Glass and Mirror","category":"glass and mirror","phone":"4168848798","address":"24 Cobalt St, York, ON M6M 2K2","postalcode":"M6M 2K2","website":"http://pgam.co","working_hour":"","latitude":"43.692411","longitude":"-79.499505"},{"source":"yellow page","service_name":"Aetna Glass And Mirror","category":"glass and mirror","phone":"905-279-6950","address":"652 Bloor St, Mississauga, ON L5A 3V9","postalcode":"L5A 3V9","website":" ","working_hour":"Monday 10:00 am - 6:00 pm   Tuesday 10:00 am - 6:00 pm   Wednesday 10:00 am - 6:00 pm   Thursday 10:00 am - 6:00 pm   Friday 10:00 am - 6:00 pm   Saturday 10:00 am - 3:00 pm   Please Call For Details","latitude":"43.599532","longitude":"-79.611772"},{"source":"yellow page","service_name":"QTouch Glass & Mirror","category":"glass and mirror","phone":"6478961239","address":"39 Towns Rd, Etobicoke, ON M8Z 1A2","postalcode":"M8Z 1A2","website":" ","working_hour":"","latitude":"43.6044498","longitude":"-79.5216276"},{"source":"yellow page","service_name":"Glass & Mirror Experts","category":"glass and mirror","phone":"9058140131","address":"652 Bloor St, Mississauga, ON L5A 3V9","postalcode":"L5A 3V9","website":" ","working_hour":"","latitude":"43.5996","longitude":"-79.611533"},{"source":"yellow page","service_name":"Lakeshore Glass & Mirror Inc","category":"glass and mirror","phone":"416-239-8414","address":"224 North Queen, Etobicoke, ON M9C 4Y1","postalcode":"M9C 4Y1","website":" ","working_hour":"Monday 8:45 am - 5:45 pm   Tuesday 8:45 am - 5:45 pm   Wednesday 8:45 am - 5:45 pm   Thursday 8:45 am - 5:45 pm   Friday 11:00 am - 6:00 pm   Saturday 11:00 am - 6:00 pm   Call For Details: Sunday.","latitude":"43.6174105","longitude":"-79.5575555"},{"source":"yellow page","service_name":"Castle Glass & Mirrors","category":"glass and mirror","phone":"289-326-0365","address":"2555 Dixie Rd, Mississauga, ON L4Y 4C4","postalcode":"L4Y 4C4","website":" ","working_hour":"Monday 8:00 am - 5:00 pm   Tuesday 8:00 am - 5:00 pm   Wednesday 8:00 am - 5:00 pm   Thursday 8:00 am - 5:00 pm   Friday 8:00 am - 5:00 pm   Emergency Appointments Available","latitude":"43.607982","longitude":"-79.581905"},{"source":"yellow page","service_name":"Toronto Glass and Mirror","category":"glass and mirror","phone":"647-878-3233","address":"ON M6H 3Z2","postalcode":"M6H 3Z2","website":" ","working_hour":"","latitude":"43.663535","longitude":"-79.445049"},{"source":"yellow page","service_name":"Applewood Glass & Mirror Inc","category":"glass and mirror","phone":"9055421900","address":"2300 Southfield Rd, Mississauga, ON L5N 2W8","postalcode":"L5N 2W8","website":"http://www.applewoodglass.com","working_hour":"","latitude":"43.588796","longitude":"-79.739092"},{"source":"yellow page","service_name":"Remington Glass & Mirror Ltd","category":"glass and mirror","phone":"647-558-3219","address":"1660 St Clair Ave W, Toronto, ON M6N 1H8","postalcode":"M6N 1H8","website":"http://www.remingtonglassandmirror.com","working_hour":"Monday 8:00 am - 5:00 pm   Tuesday 8:00 am - 5:00 pm   Wednesday 8:00 am - 5:00 pm   Thursday 8:00 am - 5:00 pm   Friday 8:00 am - 5:00 pm","latitude":"43.674717","longitude":"-79.457756"},{"source":"yellow page","service_name":"Al's Glass & Mirror","category":"glass and mirror","phone":"905-458-1543","address":"Brampton, ON","postalcode":"","website":" ","working_hour":"Monday 8:00 am - 5:00 pm   Tuesday 8:00 am - 5:00 pm   Wednesday 8:00 am - 5:00 pm   Thursday 8:00 am - 5:00 pm   Friday 8:00 am - 5:00 pm   Saturday 10:00 am - 5:00 pm   Call For Details: Sunday.","latitude":"","longitude":""},{"source":"yellow page","service_name":"People Pleasers Glass & Mirrors","category":"glass and mirror","phone":"905-547-6167","address":"ON","postalcode":"","website":" ","working_hour":"","latitude":"","longitude":""},{"source":"yellow page","service_name":"Bob's Glass & Mirror","category":"glass and mirror","phone":"519-364-4316","address":"620 12th Ave, Hanover, ON N4N 2V6","postalcode":"N4N 2V6","website":"http://www.bobsglass.ca","working_hour":"Monday 9:00 am - 5:00 pm   Tuesday 9:00 am - 5:00 pm   Wednesday 9:00 am - 5:00 pm   Thursday 9:00 am - 5:00 pm   Friday 9:00 am - 5:00 pm","latitude":"44.153906","longitude":"-81.0237366"},{"source":"yellow page","service_name":"At It's Best Glass & Mirror","category":"glass and mirror","phone":"4164620261","address":"173 McIntosh St, Scarborough, ON M1N 3Y8","postalcode":"M1N 3Y8","website":" ","working_hour":"","latitude":"43.708717","longitude":"-79.251378"},{"source":"yellow page","service_name":"Adel Glass & Mirror Ltd","category":"glass and mirror","phone":"416-285-1890","address":"91 Crockford Blvd, Scarborough, ON M1R 3B7","postalcode":"M1R 3B7","website":"http://tritempglass.com","working_hour":"Monday 8:00 am - 5:00 pm   Tuesday 8:00 am - 5:00 pm   Wednesday 8:00 am - 5:00 pm   Thursday 8:00 am - 5:00 pm   Friday 8:00 am - 5:00 pm","latitude":"43.742082","longitude":"-79.289363"},{"source":"yellow page","service_name":"Mount Pleasant Glass & Mirror","category":"glass and mirror","phone":"416-486-9762","address":"42 Industrial St, East York, ON M4G 1Y9","postalcode":"M4G 1Y9","website":" ","working_hour":"","latitude":"43.708464","longitude":"-79.356687"},{"source":"yellow page","service_name":"HT Glass Mirror","category":"glass and mirror","phone":"6477091687","address":"ON","postalcode":"","website":" ","working_hour":"","latitude":"43.651893","longitude":"-79.381713"},{"source":"yellow page","service_name":"AGG Glass & Mirror","category":"glass and mirror","phone":"6473442787","address":"700 Pape Ave, Toronto, ON M4K 3S7","postalcode":"M4K 3S7","website":" ","working_hour":"","latitude":"43.679348","longitude":"-79.345037"},{"source":"yellow page","service_name":"Gerrard; Glass & Mirror","category":"glass and mirror","phone":"647-497-7397","address":"366 Gerrard St E, Toronto, ON M5A 2G8","postalcode":"M5A 2G8","website":"http://gerrardglass.com","working_hour":"Monday 9:00 am - 5:00 pm   Tuesday 9:00 am - 5:00 pm   Wednesday 9:00 am - 5:00 pm   Thursday 9:00 am - 5:00 pm   Friday 9:00 am - 5:00 pm   Saturday 10:00 am - 4:00 pm","latitude":"43.662652","longitude":"-79.363803"},{"source":"yellow page","service_name":"Affordable Glass & Mirror","category":"glass and mirror","phone":"6478958500","address":"2200 Yonge St, Toronto, ON M4S 2C6","postalcode":"M4S 2C6","website":" ","working_hour":"Monday 12:00 am - 11:59 pm   Tuesday 12:00 am - 11:59 pm   Wednesday 12:00 am - 11:59 pm   Thursday 12:00 am - 11:59 pm   Friday 12:00 am - 11:59 pm   Saturday 12:00 am - 11:59 pm   Sunday 12:00 am - 11:59 pm","latitude":"43.706074","longitude":"-79.398226"},{"source":"yellow page","service_name":"Glass & Mirrors","category":"glass and mirror","phone":"4169939797","address":"ON","postalcode":"","website":" ","working_hour":"","latitude":"43.651893","longitude":"-79.381713"},{"source":"yellow page","service_name":"European Glass And Mirror","category":"glass and mirror","phone":"416-235-0377","address":"46 Jay St, North York, ON M6L 2M1","postalcode":"M6L 2M1","website":" ","working_hour":"","latitude":"43.717223","longitude":"-79.477254"},{"source":"yellow page","service_name":"Canada Glass & Mirror Company","category":"glass and mirror","phone":"416-245-0390","address":"155 Bentworth Ave, North York, ON M6A 1P6","postalcode":"M6A 1P6","website":" ","working_hour":"","latitude":"43.7199485","longitude":"-79.4667874"},{"source":"yellow page","service_name":"Canada Glass & Mirror","category":"glass and mirror","phone":"4166352892","address":"155 Bentworth Ave, North York, ON M6A 1P6","postalcode":"M6A 1P6","website":"http://www.canadaglass.ca","working_hour":"Monday 7:30 am - 5:00 pm   Tuesday 7:30 am - 5:00 pm   Wednesday 7:30 am - 5:00 pm   Thursday 7:30 am - 5:00 pm   Friday 7:30 am - 5:00 pm   Saturday 9:00 am - 1:00 pm","latitude":"43.7199485","longitude":"-79.4667874"},{"source":"yellow page","service_name":"Hour Glass & Mirror Inc","category":"glass and mirror","phone":"4163472997","address":"ON","postalcode":"","website":" ","working_hour":"","latitude":"43.651893","longitude":"-79.381713"},{"source":"yellow page","service_name":"All Starr Mirror and Glass","category":"glass and mirror","phone":"6472871013","address":"","postalcode":"","website":" ","working_hour":"","latitude":"43.651893","longitude":"-79.381713"},{"source":"yellow page","service_name":"LGM Custom Glass & Mirrors","category":"glass and mirror","phone":"6479864005","address":"ON","postalcode":"","website":" ","working_hour":"","latitude":"43.651893","longitude":"-79.381713"},{"source":"yellow page","service_name":"SAI Glass & Mirror Door Insert","category":"glass and mirror","phone":"4162784381","address":"ON","postalcode":"","website":" ","working_hour":"","latitude":"43.651893","longitude":"-79.381713"},{"source":"yellow page","service_name":"Bay Front Glass and Mirror","category":"glass and mirror","phone":"5193300370","address":"ON","postalcode":"","website":" ","working_hour":"","latitude":"43.651893","longitude":"-79.381713"},{"source":"yellow page","service_name":"CGA Glass & Mirror","category":"glass and mirror","phone":"416-534-5835","address":"312 Grace St, Toronto, ON M6G 3A6","postalcode":"M6G 3A6","website":" ","working_hour":"Monday 8:00 am - 5:00 pm   Tuesday 8:00 am - 5:00 pm   Wednesday 8:00 am - 5:00 pm   Thursday 8:00 am - 5:00 pm   Friday 8:00 am - 5:00 pm","latitude":"43.659759","longitude":"-79.417425"},{"source":"yellow page","service_name":"Cascade Hand Cut Crystal","category":"glass and mirror","phone":"416-537-5450","address":"1024 Dupont St, Toronto, ON M6H 1Z6","postalcode":"M6H 1Z6","website":"http://www.cascadecrystal.com","working_hour":"Monday 8:00 am - 5:00 pm   Tuesday 8:00 am - 5:00 pm   Wednesday 8:00 am - 5:00 pm   Thursday 8:00 am - 5:00 pm   Friday 8:00 am - 5:00 pm","latitude":"43.669381","longitude":"-79.434269"},{"source":"yellow page","service_name":"416 Glass and Mirror","category":"glass and mirror","phone":"6477451235","address":"325 King St W, Toronto, ON M5V 1J5","postalcode":"M5V 1J5","website":" ","working_hour":"","latitude":"43.646315","longitude":"-79.391097"},{"source":"yellow page","service_name":"Comelight Glass & Mirror","category":"glass and mirror","phone":"4166037965","address":"871 Dundas St W, Toronto, ON M6J 1V6","postalcode":"M6J 1V6","website":" ","working_hour":"","latitude":"43.651349","longitude":"-79.410767"},{"source":"yellow page","service_name":"Fulton Glass System Inc","category":"glass and mirror","phone":"226-243-1068","address":"425 Ottawa St S, Kitchener, ON N2M 3P6","postalcode":"N2M 3P6","website":" ","working_hour":"Monday 8:00 am - 5:00 pm   Tuesday 8:00 am - 5:00 pm   Wednesday 8:00 am - 5:00 pm   Thursday 8:00 am - 5:00 pm   Friday 8:00 am - 5:00 pm","latitude":"43.431616","longitude":"-80.479514"},{"source":"yellow page","service_name":"Provincial Window and Glass Systems","category":"glass and mirror","phone":"5197454682","address":"313 Lawrence Ave, Kitchener, ON N2M 1Y5","postalcode":"N2M 1Y5","website":"http://provincialwindowandglass.com","working_hour":"Monday 9:00 am - 5:00 pm   Tuesday 9:00 am - 5:00 pm   Wednesday 9:00 am - 5:00 pm   Thursday 9:00 am - 5:00 pm   Friday 9:00 am - 5:00 pm   Saturday 9:00 am - 5:00 pm   Sunday 10:00 am - 4:00 pm","latitude":"43.441593","longitude":"-80.513916"},{"source":"yellow page","service_name":"Riverside Glass","category":"glass and mirror","phone":"519-595-8683","address":"7376 Road 136, Newton, ON N0K 1M0","postalcode":"N0K 1M0","website":" ","working_hour":"","latitude":"43.6321564","longitude":"-80.8977763"},{"source":"yellow page","service_name":"D & M Glass & Mirror Ltd","category":"glass and mirror","phone":"226-773-6571","address":"16-520 Collier MacMillan Dr, Cambridge, ON N1R 6R6","postalcode":"N1R 6R6","website":" ","working_hour":"Monday 8:00 am - 4:30 pm   Tuesday 8:00 am - 4:30 pm   Wednesday 8:00 am - 4:30 pm   Thursday 8:00 am - 4:30 pm   Friday 8:00 am - 4:30 pm","latitude":"43.40116","longitude":"-80.321843"},{"source":"yellow page","service_name":"K-W Glass Systems Inc","category":"glass and mirror","phone":"226-243-1178","address":"445 Dutton Dr, Waterloo, ON N2L 4C7","postalcode":"N2L 4C7","website":" ","working_hour":"Monday 8:00 am - 5:00 pm   Tuesday 8:00 am - 5:00 pm   Wednesday 8:00 am - 5:00 pm   Thursday 8:00 am - 5:00 pm   Friday 8:00 am - 5:00 pm   Saturday 8:00 am - 12:00 pm","latitude":"43.492434","longitude":"-80.538708"},{"source":"yellow page","service_name":"Shore To Shore Glass & Mirror","category":"glass and mirror","phone":"519-375-5100","address":"Allenford, ON N0H 1A0","postalcode":"N0H 1A0","website":" ","working_hour":"Monday 9:00 am - 5:00 pm   Tuesday 9:00 am - 5:00 pm   Wednesday 9:00 am - 5:00 pm   Thursday 9:00 am - 5:00 pm   Friday 9:00 am - 5:00 pm","latitude":"","longitude":""},{"source":"yellow page","service_name":"Lambton Glass And Mirror","category":"glass and mirror","phone":"5194536815","address":"1267 Sorrel Rd, London, ON N5V 2N6","postalcode":"N5V 2N6","website":" ","working_hour":"","latitude":"43.02526","longitude":"-81.1925255"},{"source":"yellow page","service_name":"B & G Glass & Mirror Service","category":"glass and mirror","phone":"519-659-9322","address":"125 Clarke Rd, London, ON N5W 5W1","postalcode":"N5W 5W1","website":" ","working_hour":"Monday 8:00 am - 5:00 pm","latitude":"42.9886129","longitude":"-81.1679242"},{"source":"yellow page","service_name":"Royal Glass & Mirror Tillsonburg","category":"glass and mirror","phone":"1-844-206-0678","address":"370B Simcoe St, Tillsonburg, ON N4G 2J9","postalcode":"N4G 2J9","website":" ","working_hour":"Monday 8:00 am - 5:00 pm   Tuesday 8:00 am - 5:00 pm   Wednesday 8:00 am - 5:00 pm   Thursday 8:00 am - 5:00 pm   Friday 8:00 am - 5:00 pm   Saturday 9:00 am - 12:00 pm","latitude":"42.8539676","longitude":"-80.6932215"},{"source":"yellow page","service_name":"Millard Glass & Mirror Limited","category":"glass and mirror","phone":"5194211335","address":"338 Dundas St, Woodstock, ON N4S 1B4","postalcode":"N4S 1B4","website":"http://www.millardglass.com","working_hour":"","latitude":"43.129225","longitude":"-80.762904"},{"source":"yellow page","service_name":"Lambeth Glass & Mirror Ltd","category":"glass and mirror","phone":"5196523991","address":"2537 Main Street, London, ON N6P 1P9","postalcode":"N6P 1P9","website":" ","working_hour":"Tuesday 8:00 am - 5:00 pm   Wednesday 8:00 am - 5:00 pm   Thursday 8:00 am - 5:00 pm   Friday 8:00 am - 5:00 pm   Saturday 10:00 am - 2:00 pm   Monday Hours Vary, Call for Details","latitude":"42.9099762","longitude":"-81.2985525"},{"source":"yellow page","service_name":"Tillsonburg Glass & Mirror Ltd","category":"glass and mirror","phone":"519-842-5932","address":"213 Tillson Ave, Tillsonburg, ON N4G 3B3","postalcode":"N4G 3B3","website":"http://www.tillsonburgglass.com","working_hour":"Monday 8:00 am - 5:30 pm   Tuesday 8:00 am - 5:30 pm   Wednesday 8:00 am - 5:30 pm   Thursday 8:00 am - 5:30 pm   Friday 8:00 am - 5:30 pm   Saturday 8:00 am - 12:30 pm","latitude":"42.872137","longitude":"-80.725217"},{"source":"yellow page","service_name":"McClelland Glass","category":"glass and mirror","phone":"519-752-5434","address":"49 Colborne St W, Brantford, ON N3T 1K6","postalcode":"N3T 1K6","website":" ","working_hour":"Monday 8:00 am - 5:30 pm   Tuesday 8:00 am - 5:30 pm   Wednesday 8:00 am - 5:00 pm   Thursday 8:00 am - 5:30 pm   Friday 8:00 am - 5:30 pm","latitude":"43.135033","longitude":"-80.2729843"},{"source":"yellow page","service_name":"Simcoe Windows Doors Glass & More","category":"glass and mirror","phone":"519-428-9215","address":"40 Park Rd, Simcoe, ON N3Y 4J9","postalcode":"N3Y 4J9","website":"http://www.simcoewindow.com","working_hour":"Monday 8:00 am - 5:30 pm   Tuesday 8:00 am - 5:30 pm   Wednesday 8:00 am - 5:30 pm   Thursday 8:00 am - 5:30 pm   Friday 8:00 am - 5:30 pm   Saturday 8:00 am - 12:30 pm","latitude":"42.844833","longitude":"-80.328035"},{"source":"yellow page","service_name":"Aylmer Glass & Mirror","category":"glass and mirror","phone":"519-773-5051","address":"30 Progress Dr, Aylmer, ON N5H 2C9","postalcode":"N5H 2C9","website":"http://www.aylmerglassandmirror.com","working_hour":"Monday 8:00 am - 5:00 pm   Tuesday 8:00 am - 5:00 pm   Wednesday 8:00 am - 5:00 pm   Thursday 8:00 am - 5:00 pm   Friday 8:00 am - 5:00 pm   Saturday 9:00 am - 12:00 pm","latitude":"42.7849433","longitude":"-80.9804996"},{"source":"yellow page","service_name":"London Glass & Mirror Co","category":"glass and mirror","phone":"226-270-6636","address":"679 York St, London, ON N5W 2S6","postalcode":"N5W 2S6","website":"http://www.londonglassandmirror.com","working_hour":"Monday 8:00 am - 5:00 pm   Tuesday 8:00 am - 5:00 pm   Wednesday 8:00 am - 5:00 pm   Thursday 8:00 am - 5:00 pm   Friday 8:00 am - 5:00 pm   Saturday 8:00 am - 12:00 pm","latitude":"42.986849","longitude":"-81.2283117"},{"source":"yellow page","service_name":"Stylistic Glass & Mirror Inc","category":"glass and mirror","phone":"519-652-5120","address":"3392 Wonderland Rd S, London, ON N6L 1A8","postalcode":"N6L 1A8","website":" ","working_hour":"","latitude":"42.928732","longitude":"-81.279096"},{"source":"yellow page","service_name":"Lambton Glass & Mirror","category":"glass and mirror","phone":"5194556815","address":"1775 Trafalgar St, London, ON N5W 1X7","postalcode":"N5W 1X7","website":"http://www.lambtonglass.com","working_hour":"Monday 8:00 am - 4:30 pm   Tuesday 8:00 am - 4:30 pm   Wednesday 8:00 am - 4:30 pm   Thursday 8:00 am - 4:30 pm   Friday 8:00 am - 4:30 pm   Saturday 8:00 am - 12:30 pm","latitude":"42.9907961","longitude":"-81.1756105"},{"source":"yellow page","service_name":"Provincial Glass & Mirror Ltd","category":"glass and mirror","phone":"519-433-3501","address":"40 York St, London, ON N6A 1A5","postalcode":"N6A 1A5","website":"http://www.provincialglass.com","working_hour":"Monday 8:00 am - 5:30 pm   Tuesday 8:00 am - 5:30 pm   Wednesday 8:00 am - 5:30 pm   Thursday 8:00 am - 5:30 pm   Friday 8:00 am - 5:00 pm   Saturday 8:00 am - 12:00 pm   Emergency 24 Hours Service","latitude":"42.979822","longitude":"-81.253921"},{"source":"yellow page","service_name":"Tillsonburg Glass And Mirror Ltd","category":"glass and mirror","phone":"5196310594","address":"212 Ross St, St Thomas, ON N5R 3Y3","postalcode":"N5R 3Y3","website":" ","working_hour":"","latitude":"42.77276","longitude":"-81.189079"},{"source":"yellow page","service_name":"Clinton Glass & Mirror Company Ltd","category":"glass and mirror","phone":"519-482-3322","address":"24 Princess St. W, Clinton, ON N0M 1L0","postalcode":"N0M 1L0","website":"http://clintonglassandmirror.com","working_hour":"Monday 8:00 am - 5:00 pm   Tuesday 8:00 am - 5:00 pm   Wednesday 8:00 am - 5:00 pm   Thursday 8:00 am - 5:00 pm   Friday 8:00 am - 5:00 pm   Saturday 8:00 am - 12:00 pm","latitude":"43.619663","longitude":"-81.540513"},{"source":"yellow page","service_name":"D & D Glass & Mirror","category":"glass and mirror","phone":"519-482-7869","address":"41 3rd St RR 5, Clinton, ON N0M 1L0","postalcode":"N0M 1L0","website":"http://dndglassandmirror.ca","working_hour":"Monday 8:00 am - 5:00 pm   Tuesday 8:00 am - 5:00 pm   Wednesday 8:00 am - 5:00 pm   Thursday 8:00 am - 5:00 pm   Friday 8:00 am - 5:00 pm","latitude":"43.580886","longitude":"-81.526255"},{"source":"yellow page","service_name":"Iris Glass and Mirror","category":"glass and mirror","phone":"519-666-1775","address":"ON","postalcode":"","website":" ","working_hour":"","latitude":"","longitude":""},{"source":"yellow page","service_name":"Sarnia Glass","category":"glass and mirror","phone":"226-778-2482","address":"137 Campbell St, Sarnia, ON N7T 2G6","postalcode":"N7T 2G6","website":" ","working_hour":"Monday 8:00 am - 4:30 pm   Tuesday 8:00 am - 4:30 pm   Wednesday 8:00 am - 4:30 pm   Thursday 8:00 am - 4:30 pm   Friday 8:00 am - 4:30 pm   24 Hour Insurance Service","latitude":"42.959194","longitude":"-82.402909"},{"source":"yellow page","service_name":"Bay-View Glass & Mirror Ltd","category":"glass and mirror","phone":"5193240257","address":"18 Talbot St W, Leamington, ON N8H 1M4","postalcode":"N8H 1M4","website":" ","working_hour":"","latitude":"42.0529717","longitude":"-82.6002954"},{"source":"yellow page","service_name":"Belle River Glass & Picture Framing","category":"glass and mirror","phone":"519-728-3570","address":"571 Notre Dame, Belle River, ON N0R 1A0","postalcode":"N0R 1A0","website":" ","working_hour":"Monday 9:00 am - 5:30 pm   Tuesday 9:00 am - 5:30 pm   Wednesday 9:00 am - 5:30 pm   Thursday 9:00 am - 5:30 pm   Friday 9:00 am - 5:30 pm   Saturday 9:00 am - 2:00 am","latitude":"42.2931838","longitude":"-82.7090509"},{"source":"yellow page","service_name":"D & M Glass & Mirror Ltd","category":"glass and mirror","phone":"226-773-4426","address":"357 Croft Dr, Windsor, ON N8N 2L9","postalcode":"N8N 2L9","website":" ","working_hour":"Monday 8:00 am - 4:30 pm   Tuesday 8:00 am - 4:30 pm   Wednesday 8:00 am - 4:30 pm   Thursday 8:00 am - 4:30 pm   Friday 8:00 am - 4:30 pm","latitude":"42.3029439","longitude":"-82.8366913"},{"source":"yellow page","service_name":"Lasalle Glass And Mirror/","category":"glass and mirror","phone":"519-978-0517","address":"970 Front Rd, Windsor, ON N9J 1Z9","postalcode":"N9J 1Z9","website":" ","working_hour":"","latitude":"42.2384719","longitude":"-83.1020243"},{"source":"yellow page","service_name":"911 Windows (a division of D & M Glass & Mirror Ltd)","category":"glass and mirror","phone":"226-773-5134","address":"357 Croft Dr, Windsor, ON N8N 2L9","postalcode":"N8N 2L9","website":" ","working_hour":"Monday 8:00 am - 4:30 pm   Tuesday 8:00 am - 4:30 pm   Wednesday 8:00 am - 4:30 pm   Thursday 8:00 am - 4:30 pm   Friday 8:00 am - 4:30 pm   TEXT SALES: 519-796-4590 For Info.","latitude":"42.3029439","longitude":"-82.8366913"},{"source":"yellow page","service_name":"LaSalle Glass and Mirror","category":"glass and mirror","phone":"519-903-4527","address":"ON","postalcode":"","website":" ","working_hour":"Always Open","latitude":"","longitude":""},{"source":"yellow page","service_name":"Southern Glass","category":"glass and mirror","phone":"519-984-1729","address":"ON","postalcode":"","website":" ","working_hour":"Monday 9:00 am - 5:00 pm   Tuesday 9:00 am - 5:00 pm   Wednesday 9:00 am - 5:00 pm   Thursday 9:00 am - 5:00 pm   Friday 9:00 am - 5:00 pm","latitude":"","longitude":""},{"source":"yellow page","service_name":"Guardian Glass Ltd","category":"glass and mirror","phone":"519-945-6316","address":"276 Lauzon Rd, Windsor, ON N8S 3L6","postalcode":"N8S 3L6","website":" ","working_hour":"Monday 8:00 am - 5:00 pm   Tuesday 8:00 am - 5:00 pm   Wednesday 8:00 am - 5:00 pm   Thursday 8:00 am - 5:00 pm   Friday 8:00 am - 5:00 pm","latitude":"42.338395","longitude":"-82.946956"},{"source":"yellow page","service_name":"Bay-View Glass And Mirror","category":"glass and mirror","phone":"226-773-6102","address":"1455 Matthew Brady Blvd, Windsor, ON N8S 3K5","postalcode":"N8S 3K5","website":" ","working_hour":"Monday 9:00 am - 5:00 pm   Tuesday 9:00 am - 5:00 pm   Wednesday 9:00 am - 5:00 pm   Thursday 9:00 am - 5:00 pm   Friday 9:00 am - 5:00 pm","latitude":"42.320789","longitude":"-82.938761"},{"source":"yellow page","service_name":"Zuliani Glass Centre","category":"glass and mirror","phone":"519-256-3401","address":"1800 Walker Rd, Windsor, ON N8W 3P4","postalcode":"N8W 3P4","website":" ","working_hour":"Monday 8:00 am - 4:30 pm   Tuesday 8:00 am - 4:30 pm   Wednesday 8:00 am - 4:30 pm   Thursday 8:00 am - 4:30 pm   Friday 8:00 am - 4:30 pm   Saturday 8:00 am - 12:00 pm   Emergency Calls: Dale Gray (519) 818-4093 Jim Wright (519) 818-5031","latitude":"42.304932","longitude":"-82.996166"},{"source":"yellow page","service_name":"Aylmer Glass & Mirror - Facsimile","category":"glass and mirror","phone":"519-773-5059","address":"ON","postalcode":"","website":" ","working_hour":"","latitude":"","longitude":""},{"source":"yellow page","service_name":"Castle Glass & Mirror","category":"glass and mirror","phone":"705-980-1440","address":"1745 Seymour, North Bay, ON P1A 0C6","postalcode":"P1A 0C6","website":" ","working_hour":"Monday 8:00 am - 5:00 pm   Tuesday 8:00 am - 5:00 pm   Wednesday 8:00 am - 5:00 pm   Thursday 8:00 am - 5:00 pm   Friday 8:00 am - 5:00 pm   Saturday 8:00 am - 12:00 pm","latitude":"46.331431","longitude":"-79.351363"},{"source":"yellow page","service_name":"Ricky's Glass & Mirrors & Locksmith","category":"glass and mirror","phone":"705-672-3853","address":"ON","postalcode":"","website":" ","working_hour":"","latitude":"","longitude":""},{"source":"yellow page","service_name":"Sunshine Glass & Mirrors","category":"glass and mirror","phone":"807-344-1711","address":"1120 Lithium Dr, Thunder Bay, ON P7B 6G3","postalcode":"P7B 6G3","website":" ","working_hour":"","latitude":"48.415591","longitude":"-89.257118"},{"source":"yellow page","service_name":"Langen Glass","category":"glass and mirror","phone":"1-844-857-5114","address":"248 Secord St, Thunder Bay, ON P7B 3E5","postalcode":"P7B 3E5","website":"http://www.langenglass.ca","working_hour":"Monday 8:00 am - 4:30 pm   Tuesday 9:00 am - 4:30 pm   Wednesday 9:00 am - 4:30 pm   Thursday 9:00 am - 4:30 pm   Friday 9:00 am - 4:30 pm","latitude":"48.428771","longitude":"-89.234422"}]}